-- MySQL dump 10.13  Distrib 8.0.33, for Linux (x86_64)
--
-- Host: localhost    Database: jobrecommenda
-- ------------------------------------------------------
-- Server version	8.0.33-0ubuntu0.22.10.1

/*!40101 SET @OLD_CHARACTER_SET_CLIENT=@@CHARACTER_SET_CLIENT */;
/*!40101 SET @OLD_CHARACTER_SET_RESULTS=@@CHARACTER_SET_RESULTS */;
/*!40101 SET @OLD_COLLATION_CONNECTION=@@COLLATION_CONNECTION */;
/*!50503 SET NAMES utf8mb4 */;
/*!40103 SET @OLD_TIME_ZONE=@@TIME_ZONE */;
/*!40103 SET TIME_ZONE='+00:00' */;
/*!40014 SET @OLD_UNIQUE_CHECKS=@@UNIQUE_CHECKS, UNIQUE_CHECKS=0 */;
/*!40014 SET @OLD_FOREIGN_KEY_CHECKS=@@FOREIGN_KEY_CHECKS, FOREIGN_KEY_CHECKS=0 */;
/*!40101 SET @OLD_SQL_MODE=@@SQL_MODE, SQL_MODE='NO_AUTO_VALUE_ON_ZERO' */;
/*!40111 SET @OLD_SQL_NOTES=@@SQL_NOTES, SQL_NOTES=0 */;

--
-- Table structure for table `failed_jobs`
--

DROP TABLE IF EXISTS `failed_jobs`;
/*!40101 SET @saved_cs_client     = @@character_set_client */;
/*!50503 SET character_set_client = utf8mb4 */;
CREATE TABLE `failed_jobs` (
  `id` bigint unsigned NOT NULL AUTO_INCREMENT,
  `uuid` varchar(255) COLLATE utf8mb4_unicode_ci NOT NULL,
  `connection` text COLLATE utf8mb4_unicode_ci NOT NULL,
  `queue` text COLLATE utf8mb4_unicode_ci NOT NULL,
  `payload` longtext COLLATE utf8mb4_unicode_ci NOT NULL,
  `exception` longtext COLLATE utf8mb4_unicode_ci NOT NULL,
  `failed_at` timestamp NOT NULL DEFAULT CURRENT_TIMESTAMP,
  PRIMARY KEY (`id`),
  UNIQUE KEY `failed_jobs_uuid_unique` (`uuid`)
) ENGINE=InnoDB DEFAULT CHARSET=utf8mb4 COLLATE=utf8mb4_unicode_ci;
/*!40101 SET character_set_client = @saved_cs_client */;

--
-- Dumping data for table `failed_jobs`
--

LOCK TABLES `failed_jobs` WRITE;
/*!40000 ALTER TABLE `failed_jobs` DISABLE KEYS */;
/*!40000 ALTER TABLE `failed_jobs` ENABLE KEYS */;
UNLOCK TABLES;

--
-- Table structure for table `field_categories`
--

DROP TABLE IF EXISTS `field_categories`;
/*!40101 SET @saved_cs_client     = @@character_set_client */;
/*!50503 SET character_set_client = utf8mb4 */;
CREATE TABLE `field_categories` (
  `id` bigint unsigned NOT NULL AUTO_INCREMENT,
  `name` varchar(255) COLLATE utf8mb4_unicode_ci NOT NULL,
  `slug` varchar(255) COLLATE utf8mb4_unicode_ci NOT NULL,
  `description` text COLLATE utf8mb4_unicode_ci,
  `created_at` timestamp NULL DEFAULT NULL,
  `updated_at` timestamp NULL DEFAULT NULL,
  PRIMARY KEY (`id`)
) ENGINE=InnoDB AUTO_INCREMENT=11 DEFAULT CHARSET=utf8mb4 COLLATE=utf8mb4_unicode_ci;
/*!40101 SET character_set_client = @saved_cs_client */;

--
-- Dumping data for table `field_categories`
--

LOCK TABLES `field_categories` WRITE;
/*!40000 ALTER TABLE `field_categories` DISABLE KEYS */;
INSERT INTO `field_categories` VALUES (1,'omnis','et','Molestiae tempore deleniti illum qui ut eaque. Iste eum in provident veniam et. Nihil iste laboriosam consequuntur consequatur officia eligendi eius unde.','1984-12-17 20:19:23','2010-05-13 07:59:59'),(2,'aut','soluta','Doloribus est blanditiis et voluptates sit quo architecto. Dolor quas distinctio ipsa quam esse placeat voluptates facere. Voluptatem at iure doloremque tenetur voluptatem.','1988-11-22 05:24:31','1984-01-30 20:13:06'),(3,'consequatur','eligendi','Pariatur est est magni odit ut dolorem natus neque. Magni qui modi qui id iusto. Voluptate laudantium placeat mollitia ea vitae esse. Rerum cupiditate culpa voluptatem aut porro accusantium quidem.','2012-07-01 23:27:05','2014-09-11 10:50:49'),(4,'ut','molestiae','Distinctio soluta quis qui in nesciunt nesciunt. Corporis voluptas dolore aspernatur sit accusamus facilis. Alias consequatur sit consequatur pariatur aliquid eveniet repellendus.','1995-03-26 11:32:25','2002-06-19 01:17:50'),(5,'non','iste','Nemo rem aut esse placeat eos omnis. Non eius ratione eum. Sed quam aperiam et. Explicabo saepe nobis doloribus accusamus.','1986-10-11 20:59:10','2001-09-13 02:30:42'),(6,'laboriosam','unde','Odit laboriosam reiciendis quia optio minima laudantium. Iste id officiis consectetur. Ad sint in voluptatem quo enim. Maxime ullam vitae molestiae sed occaecati culpa a.','1979-04-12 22:43:01','1998-10-03 14:25:40'),(7,'inventore','maiores','Et nobis quas facilis aut. Sed molestiae fugit molestias a distinctio. Et sint est nihil amet vel sequi excepturi consequatur.','1991-01-07 03:46:51','1981-04-09 09:37:25'),(8,'amet','vitae','Quod non aut vel. Quos laboriosam quis reprehenderit tempore accusantium est optio. Ratione qui qui voluptate voluptatum earum.','1981-02-06 17:33:13','1977-01-25 01:01:01'),(9,'sunt','error','Laudantium aut praesentium doloremque quaerat voluptas. Dolor officiis nobis est sunt laborum dolores.','1976-06-06 04:33:50','1977-08-26 07:19:26'),(10,'omnis','quod','Voluptate possimus ut ad aut qui. Officiis cum doloremque cumque dignissimos assumenda recusandae. Enim sit rem quia voluptatem enim quae sed.','2013-08-22 08:00:02','2014-07-13 09:36:52');
/*!40000 ALTER TABLE `field_categories` ENABLE KEYS */;
UNLOCK TABLES;

--
-- Table structure for table `field_user`
--

DROP TABLE IF EXISTS `field_user`;
/*!40101 SET @saved_cs_client     = @@character_set_client */;
/*!50503 SET character_set_client = utf8mb4 */;
CREATE TABLE `field_user` (
  `id` bigint unsigned NOT NULL AUTO_INCREMENT,
  `field_id` bigint unsigned NOT NULL,
  `user_id` bigint unsigned NOT NULL,
  `created_at` timestamp NULL DEFAULT NULL,
  `updated_at` timestamp NULL DEFAULT NULL,
  PRIMARY KEY (`id`),
  KEY `field_user_field_id_foreign` (`field_id`),
  KEY `field_user_user_id_foreign` (`user_id`),
  CONSTRAINT `field_user_field_id_foreign` FOREIGN KEY (`field_id`) REFERENCES `fields` (`id`) ON DELETE CASCADE,
  CONSTRAINT `field_user_user_id_foreign` FOREIGN KEY (`user_id`) REFERENCES `users` (`id`) ON DELETE CASCADE
) ENGINE=InnoDB AUTO_INCREMENT=379 DEFAULT CHARSET=utf8mb4 COLLATE=utf8mb4_unicode_ci;
/*!40101 SET character_set_client = @saved_cs_client */;

--
-- Dumping data for table `field_user`
--

LOCK TABLES `field_user` WRITE;
/*!40000 ALTER TABLE `field_user` DISABLE KEYS */;
INSERT INTO `field_user` VALUES (1,16,1,NULL,NULL),(2,26,1,NULL,NULL),(3,43,1,NULL,NULL),(4,58,1,NULL,NULL),(5,13,2,NULL,NULL),(6,20,2,NULL,NULL),(7,35,2,NULL,NULL),(8,38,2,NULL,NULL),(9,39,2,NULL,NULL),(10,56,2,NULL,NULL),(11,93,2,NULL,NULL),(12,6,3,NULL,NULL),(13,7,3,NULL,NULL),(14,13,3,NULL,NULL),(15,20,3,NULL,NULL),(16,27,3,NULL,NULL),(17,31,3,NULL,NULL),(18,43,3,NULL,NULL),(19,47,3,NULL,NULL),(20,48,3,NULL,NULL),(21,58,3,NULL,NULL),(22,65,3,NULL,NULL),(23,12,4,NULL,NULL),(24,6,5,NULL,NULL),(25,7,5,NULL,NULL),(26,25,5,NULL,NULL),(27,32,5,NULL,NULL),(28,33,5,NULL,NULL),(29,48,5,NULL,NULL),(30,54,5,NULL,NULL),(31,69,5,NULL,NULL),(32,83,5,NULL,NULL),(33,91,5,NULL,NULL),(34,3,6,NULL,NULL),(35,31,6,NULL,NULL),(36,62,6,NULL,NULL),(37,64,6,NULL,NULL),(38,66,6,NULL,NULL),(39,15,7,NULL,NULL),(40,36,7,NULL,NULL),(41,43,7,NULL,NULL),(42,62,7,NULL,NULL),(43,74,7,NULL,NULL),(44,86,7,NULL,NULL),(45,95,7,NULL,NULL),(46,5,8,NULL,NULL),(47,16,8,NULL,NULL),(48,45,8,NULL,NULL),(49,46,8,NULL,NULL),(50,49,8,NULL,NULL),(51,55,8,NULL,NULL),(52,69,8,NULL,NULL),(53,92,8,NULL,NULL),(54,98,8,NULL,NULL),(55,6,9,NULL,NULL),(56,35,10,NULL,NULL),(57,40,10,NULL,NULL),(58,55,10,NULL,NULL),(59,68,10,NULL,NULL),(60,69,10,NULL,NULL),(61,17,11,NULL,NULL),(62,27,11,NULL,NULL),(63,32,11,NULL,NULL),(64,49,11,NULL,NULL),(65,63,11,NULL,NULL),(66,69,11,NULL,NULL),(67,75,11,NULL,NULL),(68,77,11,NULL,NULL),(69,86,11,NULL,NULL),(70,15,12,NULL,NULL),(71,34,12,NULL,NULL),(72,96,13,NULL,NULL),(73,59,14,NULL,NULL),(74,87,15,NULL,NULL),(75,7,16,NULL,NULL),(76,27,16,NULL,NULL),(77,38,16,NULL,NULL),(78,58,16,NULL,NULL),(79,60,16,NULL,NULL),(80,78,16,NULL,NULL),(81,91,16,NULL,NULL),(82,93,16,NULL,NULL),(83,99,16,NULL,NULL),(84,11,17,NULL,NULL),(85,14,17,NULL,NULL),(86,22,17,NULL,NULL),(87,36,17,NULL,NULL),(88,76,17,NULL,NULL),(89,79,17,NULL,NULL),(90,91,17,NULL,NULL),(91,2,18,NULL,NULL),(92,3,18,NULL,NULL),(93,46,18,NULL,NULL),(94,67,18,NULL,NULL),(95,74,18,NULL,NULL),(96,13,19,NULL,NULL),(97,34,19,NULL,NULL),(98,37,19,NULL,NULL),(99,47,19,NULL,NULL),(100,3,20,NULL,NULL),(101,18,20,NULL,NULL),(102,23,20,NULL,NULL),(103,24,20,NULL,NULL),(104,47,20,NULL,NULL),(105,58,20,NULL,NULL),(106,79,20,NULL,NULL),(107,100,20,NULL,NULL),(108,11,21,NULL,NULL),(109,36,21,NULL,NULL),(110,39,21,NULL,NULL),(111,40,21,NULL,NULL),(112,52,21,NULL,NULL),(113,59,21,NULL,NULL),(114,76,21,NULL,NULL),(115,98,21,NULL,NULL),(116,15,22,NULL,NULL),(117,26,22,NULL,NULL),(118,28,22,NULL,NULL),(119,31,22,NULL,NULL),(120,33,22,NULL,NULL),(121,45,22,NULL,NULL),(122,46,22,NULL,NULL),(123,75,22,NULL,NULL),(124,78,22,NULL,NULL),(125,81,22,NULL,NULL),(126,16,23,NULL,NULL),(127,23,23,NULL,NULL),(128,34,23,NULL,NULL),(129,36,23,NULL,NULL),(130,37,23,NULL,NULL),(131,41,23,NULL,NULL),(132,62,23,NULL,NULL),(133,74,23,NULL,NULL),(134,87,23,NULL,NULL),(135,99,23,NULL,NULL),(136,16,24,NULL,NULL),(137,61,24,NULL,NULL),(138,79,24,NULL,NULL),(139,1,25,NULL,NULL),(140,5,25,NULL,NULL),(141,32,25,NULL,NULL),(142,37,25,NULL,NULL),(143,51,25,NULL,NULL),(144,57,25,NULL,NULL),(145,59,25,NULL,NULL),(146,62,25,NULL,NULL),(147,75,25,NULL,NULL),(148,80,25,NULL,NULL),(149,85,25,NULL,NULL),(150,97,25,NULL,NULL),(151,51,26,NULL,NULL),(152,7,27,NULL,NULL),(153,17,27,NULL,NULL),(154,23,27,NULL,NULL),(155,26,27,NULL,NULL),(156,28,27,NULL,NULL),(157,30,27,NULL,NULL),(158,35,27,NULL,NULL),(159,57,27,NULL,NULL),(160,69,27,NULL,NULL),(161,77,27,NULL,NULL),(162,80,27,NULL,NULL),(163,35,28,NULL,NULL),(164,38,28,NULL,NULL),(165,43,28,NULL,NULL),(166,46,28,NULL,NULL),(167,83,28,NULL,NULL),(168,39,29,NULL,NULL),(169,54,29,NULL,NULL),(170,3,30,NULL,NULL),(171,8,30,NULL,NULL),(172,17,30,NULL,NULL),(173,19,30,NULL,NULL),(174,46,30,NULL,NULL),(175,67,30,NULL,NULL),(176,73,30,NULL,NULL),(177,87,30,NULL,NULL),(178,98,30,NULL,NULL),(179,100,30,NULL,NULL),(180,3,31,NULL,NULL),(181,4,31,NULL,NULL),(182,28,31,NULL,NULL),(183,32,31,NULL,NULL),(184,47,31,NULL,NULL),(185,62,31,NULL,NULL),(186,65,31,NULL,NULL),(187,71,31,NULL,NULL),(188,80,31,NULL,NULL),(189,5,32,NULL,NULL),(190,8,32,NULL,NULL),(191,12,32,NULL,NULL),(192,24,32,NULL,NULL),(193,28,32,NULL,NULL),(194,58,32,NULL,NULL),(195,71,32,NULL,NULL),(196,93,32,NULL,NULL),(197,42,33,NULL,NULL),(198,49,33,NULL,NULL),(199,79,33,NULL,NULL),(200,91,33,NULL,NULL),(201,4,34,NULL,NULL),(202,14,34,NULL,NULL),(203,19,34,NULL,NULL),(204,26,34,NULL,NULL),(205,50,34,NULL,NULL),(206,64,34,NULL,NULL),(207,70,34,NULL,NULL),(208,72,34,NULL,NULL),(209,74,34,NULL,NULL),(210,90,34,NULL,NULL),(211,98,34,NULL,NULL),(212,6,35,NULL,NULL),(213,28,35,NULL,NULL),(214,38,35,NULL,NULL),(215,60,35,NULL,NULL),(216,2,36,NULL,NULL),(217,34,36,NULL,NULL),(218,42,36,NULL,NULL),(219,59,36,NULL,NULL),(220,60,36,NULL,NULL),(221,63,36,NULL,NULL),(222,97,36,NULL,NULL),(223,3,37,NULL,NULL),(224,18,37,NULL,NULL),(225,21,37,NULL,NULL),(226,48,37,NULL,NULL),(227,5,38,NULL,NULL),(228,13,38,NULL,NULL),(229,61,38,NULL,NULL),(230,69,38,NULL,NULL),(231,92,38,NULL,NULL),(232,95,38,NULL,NULL),(233,99,38,NULL,NULL),(234,46,39,NULL,NULL),(235,53,40,NULL,NULL),(236,68,40,NULL,NULL),(237,77,40,NULL,NULL),(238,83,40,NULL,NULL),(239,2,41,NULL,NULL),(240,12,41,NULL,NULL),(241,21,41,NULL,NULL),(242,28,41,NULL,NULL),(243,29,41,NULL,NULL),(244,36,41,NULL,NULL),(245,37,41,NULL,NULL),(246,58,41,NULL,NULL),(247,60,41,NULL,NULL),(248,65,41,NULL,NULL),(249,85,41,NULL,NULL),(250,4,42,NULL,NULL),(251,5,42,NULL,NULL),(252,11,42,NULL,NULL),(253,41,42,NULL,NULL),(254,49,42,NULL,NULL),(255,59,42,NULL,NULL),(256,66,42,NULL,NULL),(257,2,43,NULL,NULL),(258,32,43,NULL,NULL),(259,57,43,NULL,NULL),(260,75,43,NULL,NULL),(261,81,43,NULL,NULL),(262,1,44,NULL,NULL),(263,58,45,NULL,NULL),(264,77,45,NULL,NULL),(265,90,45,NULL,NULL),(266,11,46,NULL,NULL),(267,25,46,NULL,NULL),(268,45,46,NULL,NULL),(269,89,46,NULL,NULL),(270,98,46,NULL,NULL),(271,70,47,NULL,NULL),(272,72,47,NULL,NULL),(273,84,47,NULL,NULL),(274,89,47,NULL,NULL),(275,3,48,NULL,NULL),(276,5,48,NULL,NULL),(277,24,48,NULL,NULL),(278,46,48,NULL,NULL),(279,48,48,NULL,NULL),(280,50,48,NULL,NULL),(281,55,48,NULL,NULL),(282,59,48,NULL,NULL),(283,60,48,NULL,NULL),(284,78,48,NULL,NULL),(285,95,48,NULL,NULL),(286,12,49,NULL,NULL),(287,14,49,NULL,NULL),(288,18,49,NULL,NULL),(289,25,49,NULL,NULL),(290,57,49,NULL,NULL),(291,66,49,NULL,NULL),(292,68,49,NULL,NULL),(293,74,49,NULL,NULL),(294,75,49,NULL,NULL),(295,78,49,NULL,NULL),(296,80,49,NULL,NULL),(297,18,50,NULL,NULL),(298,27,50,NULL,NULL),(299,30,50,NULL,NULL),(300,59,50,NULL,NULL),(301,70,50,NULL,NULL),(302,77,50,NULL,NULL),(303,89,50,NULL,NULL),(304,90,50,NULL,NULL),(305,92,50,NULL,NULL),(306,1,51,NULL,NULL),(307,42,51,NULL,NULL),(308,65,51,NULL,NULL),(309,93,51,NULL,NULL),(310,98,51,NULL,NULL),(311,3,52,NULL,NULL),(312,6,52,NULL,NULL),(313,13,52,NULL,NULL),(314,25,52,NULL,NULL),(315,83,52,NULL,NULL),(316,90,52,NULL,NULL),(317,94,52,NULL,NULL),(318,4,53,NULL,NULL),(319,9,53,NULL,NULL),(320,24,53,NULL,NULL),(321,25,53,NULL,NULL),(322,35,53,NULL,NULL),(323,71,53,NULL,NULL),(324,91,53,NULL,NULL),(325,1,54,NULL,NULL),(326,12,54,NULL,NULL),(327,13,54,NULL,NULL),(328,18,54,NULL,NULL),(329,19,54,NULL,NULL),(330,35,54,NULL,NULL),(331,40,54,NULL,NULL),(332,52,54,NULL,NULL),(333,58,54,NULL,NULL),(334,68,54,NULL,NULL),(335,73,54,NULL,NULL),(336,81,54,NULL,NULL),(337,2,55,NULL,NULL),(338,20,55,NULL,NULL),(339,25,55,NULL,NULL),(340,40,55,NULL,NULL),(341,49,55,NULL,NULL),(342,60,55,NULL,NULL),(343,62,55,NULL,NULL),(344,65,55,NULL,NULL),(345,81,55,NULL,NULL),(346,89,55,NULL,NULL),(347,91,55,NULL,NULL),(348,97,55,NULL,NULL),(349,24,56,NULL,NULL),(350,26,56,NULL,NULL),(351,59,56,NULL,NULL),(352,74,56,NULL,NULL),(353,5,57,NULL,NULL),(354,18,57,NULL,NULL),(355,20,57,NULL,NULL),(356,21,57,NULL,NULL),(357,28,57,NULL,NULL),(358,48,57,NULL,NULL),(359,49,57,NULL,NULL),(360,56,57,NULL,NULL),(361,13,58,NULL,NULL),(362,15,58,NULL,NULL),(363,30,58,NULL,NULL),(364,67,58,NULL,NULL),(365,11,59,NULL,NULL),(366,14,59,NULL,NULL),(367,25,59,NULL,NULL),(368,38,59,NULL,NULL),(369,42,59,NULL,NULL),(370,62,59,NULL,NULL),(371,64,59,NULL,NULL),(372,71,59,NULL,NULL),(373,87,59,NULL,NULL),(374,89,59,NULL,NULL),(375,94,59,NULL,NULL),(376,34,60,NULL,NULL),(377,66,60,NULL,NULL),(378,85,60,NULL,NULL);
/*!40000 ALTER TABLE `field_user` ENABLE KEYS */;
UNLOCK TABLES;

--
-- Table structure for table `fields`
--

DROP TABLE IF EXISTS `fields`;
/*!40101 SET @saved_cs_client     = @@character_set_client */;
/*!50503 SET character_set_client = utf8mb4 */;
CREATE TABLE `fields` (
  `id` bigint unsigned NOT NULL AUTO_INCREMENT,
  `name` varchar(255) COLLATE utf8mb4_unicode_ci NOT NULL,
  `slug` varchar(255) COLLATE utf8mb4_unicode_ci NOT NULL,
  `description` text COLLATE utf8mb4_unicode_ci,
  `field_category_id` bigint unsigned NOT NULL,
  `created_at` timestamp NULL DEFAULT NULL,
  `updated_at` timestamp NULL DEFAULT NULL,
  PRIMARY KEY (`id`),
  KEY `fields_field_category_id_foreign` (`field_category_id`),
  CONSTRAINT `fields_field_category_id_foreign` FOREIGN KEY (`field_category_id`) REFERENCES `field_categories` (`id`) ON DELETE CASCADE
) ENGINE=InnoDB AUTO_INCREMENT=101 DEFAULT CHARSET=utf8mb4 COLLATE=utf8mb4_unicode_ci;
/*!40101 SET character_set_client = @saved_cs_client */;

--
-- Dumping data for table `fields`
--

LOCK TABLES `fields` WRITE;
/*!40000 ALTER TABLE `fields` DISABLE KEYS */;
INSERT INTO `fields` VALUES (1,'iure','quia','Occaecati neque numquam porro aut molestiae. Cumque aspernatur quam laborum reprehenderit minima officiis suscipit. Ab vero et atque vel quaerat pariatur blanditiis.',8,'2017-11-03 04:34:49','1989-12-21 22:35:49'),(2,'dolorem','molestiae','Fuga deserunt quidem eius. Quo voluptas et est magni aut expedita et. Reiciendis accusamus voluptatem rerum hic nobis molestiae. Explicabo beatae deserunt sequi aut et sit.',8,'2000-08-15 15:41:35','1991-11-12 17:22:57'),(3,'quo','consectetur','Ab harum voluptate molestiae voluptatem impedit aliquam id in. Consequatur ducimus sunt nobis magni. Dolores temporibus itaque temporibus beatae cupiditate.',8,'2007-02-06 07:41:50','2016-12-28 15:48:43'),(4,'molestiae','sint','Animi cumque consequuntur et. Molestias occaecati in repellendus amet consequatur. Molestiae non perspiciatis ut eos.',5,'1995-11-08 05:04:06','1998-12-09 21:28:46'),(5,'perspiciatis','illo','Culpa ut ipsam rerum sint nobis vel voluptatem expedita. Totam exercitationem at sequi qui omnis. Inventore eum labore optio quia asperiores a consequatur quaerat.',6,'1983-11-07 05:30:16','1971-04-05 08:03:44'),(6,'tenetur','quis','Ut rerum officia ullam qui id. Animi sed impedit adipisci id qui tempore. Nihil hic quia nihil porro tempora unde ut.',7,'1983-03-16 12:37:23','1996-06-11 15:26:25'),(7,'dolore','repudiandae','Voluptates enim molestias saepe aut nulla quasi eum. Vel quae cum et eveniet veritatis hic corporis.',3,'2004-05-09 15:14:59','2011-01-10 04:20:32'),(8,'nostrum','blanditiis','Dolorem quia animi eos non aut quod. Veniam ab quaerat voluptas est et. Hic veritatis et voluptatem quo ducimus optio ipsa. Consectetur ullam molestiae omnis architecto eius quo.',5,'2016-05-31 18:04:22','1982-11-14 22:15:14'),(9,'sit','earum','Et corrupti quia aperiam minima. Dolor sit dolor est hic fugit sequi. Dolor exercitationem deleniti dolores id esse itaque delectus.',4,'1970-04-13 02:03:52','1995-05-14 14:55:49'),(10,'ad','blanditiis','Sit eveniet illo vel. Ullam id ut qui et. Ipsa maxime autem ut aut non. Autem qui cum eligendi ab sed quos sit ut. Mollitia ad et in ratione consequuntur et nihil quisquam. Dolor nisi id aut aut.',8,'2016-03-09 09:43:01','1990-12-27 04:07:55'),(11,'ea','suscipit','Consequatur voluptas praesentium non laborum. Praesentium quod nihil ut nostrum consectetur quam.',1,'2012-01-27 09:03:33','2019-12-14 06:43:55'),(12,'voluptas','adipisci','Commodi vel minus eos et quo voluptas. Et nesciunt voluptatem et. Nihil omnis nostrum sint laborum delectus. Aut officia minus et hic id totam. Et vitae ut quasi est modi molestiae qui.',10,'1990-04-07 15:55:50','2009-04-02 00:05:05'),(13,'consectetur','debitis','Vitae qui eius sint nulla autem. Velit et esse qui in sunt. Aliquam iste distinctio ex laboriosam.',8,'1979-06-19 10:40:30','1994-03-10 01:03:00'),(14,'veritatis','nihil','Dicta earum iusto officia voluptatum. Veritatis nihil odio dolor incidunt nobis. Sit unde officiis explicabo rerum quo nam consectetur. Sit quam aut odit minima laboriosam.',6,'2023-04-25 14:20:06','2000-10-01 18:21:58'),(15,'temporibus','illum','Ex velit quasi qui et ad ea voluptate. Enim aliquam ipsam vitae ab quas voluptatem dolorum. Nam velit officiis dolorum odio voluptas eligendi distinctio.',6,'1975-02-26 00:47:21','1997-09-29 18:53:18'),(16,'qui','magni','Nesciunt quibusdam praesentium placeat beatae exercitationem dolor aliquid qui. Voluptatum illo et necessitatibus velit repudiandae. Laudantium quae quia autem cumque minima.',7,'1995-12-11 01:38:07','1988-06-28 23:47:36'),(17,'vel','est','Esse ipsum eius recusandae neque eius. Consectetur sequi placeat sequi a sed iure ut ex. Sequi cumque aliquid placeat molestias quam molestiae. Aut ullam iusto quaerat quaerat quia et.',8,'2008-11-10 14:01:09','1976-06-06 05:04:34'),(18,'ut','labore','Qui architecto ut eius neque. Sed voluptatem id laboriosam tempora error. Et rerum harum excepturi eaque sed quis. Possimus qui nesciunt amet accusantium.',7,'1983-08-23 19:02:46','2021-04-03 22:31:29'),(19,'perspiciatis','aliquid','Natus reprehenderit et et nihil. Possimus ut magni hic velit vel rerum dolorem quia. Odio nisi et excepturi voluptatem et ad illum. Ullam iste ut eum ex.',2,'2018-11-09 10:31:28','1976-02-25 02:07:04'),(20,'error','commodi','Voluptatem eum eligendi saepe. Eum ad ex voluptas dolore voluptas. Odio illum nisi sint odit.',10,'1980-09-20 11:16:14','2017-10-18 23:17:34'),(21,'necessitatibus','dolorem','Error ex et autem dolorem. Quia enim dolores quis adipisci. Et dolor quam ea cum laudantium hic veritatis.',8,'1984-11-18 10:12:39','2019-10-30 09:20:47'),(22,'ut','laborum','Qui et inventore autem hic maiores illum. Facere autem dolores nihil est et. Architecto facilis reprehenderit omnis quia labore omnis nisi. Natus facere beatae ut placeat doloribus et.',5,'2006-03-05 17:58:49','1998-01-27 04:15:12'),(23,'non','magnam','Id quod nam nam consequuntur. Ut repellat officia modi mollitia quidem. Veritatis dolores sed at. Error quisquam qui porro sint. Corrupti maiores nobis est sit.',9,'2003-07-07 20:43:06','2001-06-01 17:58:59'),(24,'excepturi','ab','Enim totam recusandae maiores consequatur officiis quia. Voluptatum numquam blanditiis illum eaque eius debitis voluptate. Eum dolor autem nihil et qui.',4,'2016-03-03 20:13:24','2013-07-14 13:58:46'),(25,'laboriosam','facere','Qui id aliquam aut eius nihil facilis et. Omnis sed cumque sed debitis. Repellendus tenetur saepe fuga aut repellendus. Est ut sed dolores et.',6,'2010-10-06 15:23:55','2019-08-08 19:02:39'),(26,'aspernatur','dolores','Maiores molestiae earum provident beatae. Error sapiente tempore unde iste voluptatem. Nesciunt illum earum exercitationem maiores ullam numquam non consequuntur.',4,'2007-10-09 09:10:32','2011-11-03 23:19:16'),(27,'placeat','fuga','Quos velit maxime officiis eum. Et illo porro ducimus. Aut et et voluptates vero enim dolores corrupti. Ea omnis exercitationem voluptas provident excepturi placeat.',2,'2008-08-16 12:12:40','1983-05-06 08:36:21'),(28,'est','vero','Amet ut quibusdam excepturi sed sapiente sed. Hic et rem quo. Delectus voluptas velit omnis necessitatibus eum dolores. Aut nam possimus iusto. Ab sit sint dicta maiores.',10,'2014-12-27 17:26:09','1979-05-07 07:14:24'),(29,'corporis','eos','Quo voluptatem atque nostrum autem illum. Esse perspiciatis nisi ut culpa. Cupiditate aspernatur ab placeat natus numquam quis cumque maiores.',10,'1973-04-27 10:30:11','2001-08-11 05:00:08'),(30,'pariatur','tempora','Aut incidunt voluptatem ut ut vel voluptatibus et. Quibusdam officia atque odit culpa et saepe. Totam est natus occaecati a incidunt quasi cupiditate harum.',7,'2012-08-14 05:03:28','1993-05-22 19:14:39'),(31,'cum','qui','Voluptatibus iste ab sunt. Qui repellendus id sapiente. Beatae harum ipsum voluptas iste consequatur et.',3,'2012-07-07 06:19:16','2013-03-01 15:47:35'),(32,'sed','quaerat','Laborum tempore repudiandae dolorem suscipit et. Mollitia quod architecto molestiae atque. Fugiat necessitatibus rerum nobis alias id saepe.',5,'1977-01-05 01:59:41','1976-01-08 20:31:40'),(33,'recusandae','voluptates','Quam voluptas aut sed quis et nulla nihil. Possimus atque iste velit sit omnis eius. Laudantium necessitatibus necessitatibus amet. Eos neque molestias consequuntur inventore soluta.',6,'1981-02-19 17:31:58','2017-02-15 02:34:05'),(34,'nulla','assumenda','Quas omnis accusantium sint et et. Incidunt consequuntur quis magni esse eum id maxime. Non recusandae sed saepe voluptatem recusandae hic laboriosam.',1,'2012-03-24 14:33:47','2001-10-04 21:12:58'),(35,'vel','maiores','Ab facere unde est quia autem quos. Cum cupiditate sunt commodi totam ea quia inventore. Atque corporis aliquid aliquid minima quisquam. Tempora dolorem et ducimus quo quaerat veritatis magnam et.',5,'1971-01-19 06:22:35','1999-01-08 15:26:55'),(36,'velit','dolorem','Ut aperiam quia et dolorem eius. Id quibusdam et delectus maiores eaque corporis omnis at. Cupiditate necessitatibus dolor eligendi voluptatum enim sint recusandae accusantium.',9,'1971-10-30 12:35:34','1983-09-12 20:32:32'),(37,'inventore','expedita','Pariatur quia alias atque vero quo voluptas doloremque. Modi a perferendis deserunt voluptas dolor dolor ex quis. Dolorem architecto illo iure ut quaerat. Sunt qui sed dolore esse.',8,'2017-09-12 02:51:02','2004-03-19 19:03:11'),(38,'unde','itaque','Voluptates qui debitis et et aliquam debitis. Impedit ut qui rerum et. Ut vel provident et quos similique dignissimos.',7,'1980-12-16 16:37:45','2016-10-22 20:19:07'),(39,'fuga','voluptatem','Asperiores sunt vel doloremque deleniti voluptatibus sed. Delectus harum impedit natus sint omnis autem. Perferendis eveniet incidunt eius et. Accusantium laboriosam dolores voluptate harum.',8,'1971-03-04 16:17:27','1973-12-22 02:25:27'),(40,'temporibus','beatae','Illo vero repudiandae illum consequatur. Officiis ex voluptates sit voluptatem et et. Fugiat et ea est dolores quod. Nisi et dolor reprehenderit.',5,'2011-07-27 01:33:17','1973-10-27 14:00:33'),(41,'ut','eaque','Et vel debitis rerum quisquam fuga. Odio nesciunt fugiat ut saepe voluptas. Omnis voluptas impedit quo et non quod.',10,'2013-09-18 13:40:11','2020-02-21 04:14:34'),(42,'voluptatem','praesentium','Sit architecto aut repellendus corrupti enim. Possimus quaerat harum quo vitae quia quia nam placeat. Voluptatem excepturi optio est eum qui.',8,'1988-05-13 11:06:42','1970-08-29 10:57:12'),(43,'quidem','quibusdam','Est atque molestias reprehenderit magnam neque aut modi. Quae quaerat blanditiis molestiae ex odio deleniti dolorem. Ab officiis neque ducimus expedita deserunt.',3,'1997-09-24 19:46:28','1970-11-30 21:49:18'),(44,'aut','et','Molestiae tenetur deserunt inventore velit consequuntur magni minima. Qui ea nihil perspiciatis quo veritatis. Placeat id numquam nisi illo incidunt dolores architecto.',6,'1991-03-02 17:59:56','1987-10-31 13:37:59'),(45,'amet','amet','Est nobis voluptatum facilis veniam labore. Doloribus eius eius consequatur quisquam iste vitae sed aut. Repellendus ex nulla molestias sit numquam.',10,'2018-01-09 21:24:25','2008-07-19 13:12:59'),(46,'incidunt','sint','Dolorum at eius veritatis ea ut. Et sed dolores dolorum quibusdam velit optio. Aut quisquam aut atque officiis nostrum et a.',1,'1979-09-16 05:17:59','2021-05-01 06:31:11'),(47,'enim','ad','Impedit blanditiis omnis dolores non unde ex enim impedit. Eos veniam molestiae quia pariatur nisi aut sit. Qui quis quam quasi temporibus quia omnis eum ad.',4,'1979-05-05 00:50:57','1983-03-06 08:08:36'),(48,'error','tempora','Perferendis consequuntur dicta dolorem ducimus. Ut iusto sint blanditiis officiis. Praesentium reprehenderit placeat voluptatem.',2,'2016-05-16 06:25:40','2012-08-10 16:34:23'),(49,'aut','aut','Tempore sed et quod aliquam quo. Consectetur tempora porro saepe officia ipsam hic nobis quibusdam. Incidunt explicabo neque qui ut quas. Voluptas dolor saepe cupiditate dolor odit molestiae.',6,'1993-08-10 03:28:42','2003-01-28 21:26:31'),(50,'voluptatum','asperiores','Beatae sed inventore sit doloribus perferendis. Id et odit et a aut quos. Fugiat neque id saepe illo.',1,'2021-03-30 14:10:28','2019-03-08 20:39:59'),(51,'qui','sint','Quis nihil et dolores quia labore sunt. Temporibus atque expedita expedita maxime adipisci eligendi. Fuga inventore omnis non iste. At sit deleniti sunt est commodi sint.',4,'1986-02-05 06:41:12','2006-03-29 19:52:22'),(52,'totam','itaque','Unde ut quis debitis ea. Incidunt sunt ratione dolore et. Eligendi illo est consequatur. Voluptate illum totam a itaque quidem earum modi.',7,'1980-11-14 06:49:52','1978-07-25 02:06:22'),(53,'laboriosam','assumenda','Velit ea dignissimos maxime. Excepturi iure ut rerum fugiat aut. Sit ut eveniet odit qui et et ut. Sed non doloribus corrupti cum modi. Eos minus aperiam qui tempore sunt soluta.',9,'1998-03-27 14:07:47','1995-07-27 15:08:26'),(54,'dolor','aliquid','Deleniti nihil labore exercitationem voluptate ut vel. Eveniet officiis veniam quis dignissimos placeat sunt sit. Temporibus aspernatur id nam.',10,'2000-04-04 10:50:40','1980-08-03 02:01:06'),(55,'alias','iure','Aut ullam optio quo. Ut tempore vero neque eos. Ab sed quod voluptatem quia vitae.',4,'1977-11-23 01:18:31','1980-11-13 07:11:03'),(56,'minus','aut','Aspernatur molestiae quae quia suscipit tenetur et eum illo. Cumque consectetur unde illo voluptatem in eum dignissimos. Doloribus qui totam quis enim facere laboriosam accusantium odio.',8,'1984-01-26 23:07:41','1998-11-17 15:52:18'),(57,'esse','sapiente','Aut assumenda et omnis vel. Et cumque ipsum laudantium non porro ut. Voluptatum eos repellendus aliquam sapiente neque qui.',3,'2014-04-18 03:16:27','2012-03-18 10:38:37'),(58,'doloribus','veritatis','Debitis molestiae optio reprehenderit minima iusto error iste. Tempora odit quia aut ut magni tempora quia. Officiis iusto officiis veritatis quia.',9,'2013-09-26 18:32:13','1994-06-05 12:27:14'),(59,'provident','vel','Est possimus eveniet aperiam quas placeat in. Et eos doloribus sapiente maxime est. Sint in est vitae et qui omnis. Ratione magnam et ea cumque qui debitis consectetur.',2,'1984-06-08 05:08:36','1997-06-11 02:28:04'),(60,'magni','qui','Natus omnis aut voluptatem debitis. Commodi nulla laboriosam animi laudantium qui.',1,'1992-09-07 11:12:43','2005-12-21 16:19:07'),(61,'deserunt','asperiores','Quia facere ratione qui illo blanditiis. Et harum et eaque ut alias debitis. Ab nemo omnis dolores provident.',2,'1990-10-20 06:37:58','2012-10-30 10:00:35'),(62,'qui','et','Aut velit quia omnis molestiae. Aut quo aliquid dolor enim fuga accusantium. Ad et aut odio sint maxime enim ad. Sed dolores itaque itaque qui laborum. Non minus dolorem magnam molestias vero ex.',2,'1996-11-18 04:48:06','2015-01-21 20:52:46'),(63,'qui','itaque','Est eius ut numquam doloremque. Praesentium provident ut et sed. Mollitia nisi eius dolorem placeat aut. Et in eligendi consequuntur voluptatem dolore occaecati corporis.',4,'2011-09-16 18:52:01','2002-01-30 03:59:22'),(64,'explicabo','in','Animi dolorum autem neque quaerat ut ipsam nobis vel. Ab ab deserunt aliquam ipsam quisquam dignissimos.',9,'2020-02-18 07:31:34','1991-12-10 16:39:35'),(65,'laudantium','voluptatem','Iste modi maxime sint exercitationem. Tempore facilis ipsa quisquam architecto accusantium in.',4,'1993-11-12 16:21:32','2021-11-07 17:14:39'),(66,'expedita','aspernatur','Quod commodi quibusdam qui at nam. Totam enim blanditiis et et. Nobis quia maxime perferendis velit. Hic id necessitatibus quo autem rem aut est.',2,'1986-02-24 10:15:32','1993-01-08 05:54:11'),(67,'quia','quia','In et a quis ea expedita ex autem. Sunt corporis excepturi voluptas quis sit ex. Omnis qui qui est aut ipsam.',8,'2018-06-14 20:39:14','1987-03-05 08:24:27'),(68,'quo','itaque','Doloribus qui neque officia rerum vel quia. Esse qui eligendi totam consequatur. Suscipit cumque aut et magnam harum.',10,'2021-07-01 01:21:20','1993-03-02 05:06:52'),(69,'illo','qui','Occaecati culpa velit dicta id. Qui eligendi velit enim eveniet non id qui. Cupiditate illum ea laboriosam id earum laboriosam. Alias expedita est nemo deleniti soluta tempora ut.',2,'1973-04-18 03:44:10','2000-01-15 07:04:01'),(70,'et','et','Tempore commodi aliquid aut eum. Fuga quia reprehenderit doloremque qui voluptas debitis. Libero qui doloribus nisi quod fugit voluptatem qui voluptatem.',10,'2011-12-18 06:43:42','1973-08-28 22:00:15'),(71,'voluptas','et','Iure culpa iste rerum harum occaecati. Dolore voluptatem non eos voluptatem ea tempore. Vero velit est occaecati fugit vel dolorem id. Odio explicabo fugiat enim dolor velit.',8,'2011-01-23 15:46:01','1988-06-29 09:36:25'),(72,'voluptatum','consequatur','Libero ea quia non blanditiis omnis. Et quae architecto impedit in suscipit quia. Voluptas nam dolorem beatae rerum neque enim.',3,'1983-01-09 20:13:22','2015-07-04 07:35:22'),(73,'labore','iusto','Praesentium adipisci qui quaerat et ducimus. Id impedit laboriosam et dolorem. Saepe quos totam quis quidem eveniet. Doloribus soluta omnis accusamus error quia est.',9,'2001-03-23 05:04:31','2017-08-29 05:09:20'),(74,'officiis','et','Sapiente omnis perspiciatis et id ut. Quia occaecati qui culpa eveniet. Vel est excepturi ducimus provident omnis natus.',9,'2002-02-26 00:02:18','1992-05-03 07:18:29'),(75,'fugit','ut','Molestiae rem deleniti harum ipsum quae eveniet excepturi. Non sit repellat laudantium cum eum. Omnis non voluptates adipisci at praesentium facere eaque.',10,'1997-10-13 11:01:44','2009-07-22 02:02:34'),(76,'alias','consequatur','Ut optio ex ut doloremque dolor pariatur voluptas. Molestias reiciendis voluptatem totam. Rerum et maxime velit est. Voluptatibus quis perferendis quia dolor.',8,'1998-09-30 16:23:55','1972-10-30 03:25:48'),(77,'porro','beatae','Neque odio accusantium dolores qui. Qui facilis nemo delectus aperiam. Ut voluptatem dolore sit aliquam. Eligendi non voluptatibus qui tempore distinctio impedit totam dicta.',6,'1981-04-13 16:33:17','2016-03-15 14:20:30'),(78,'repellendus','odio','Quia sunt cum rem porro labore. Tempore quis et doloribus placeat a autem ut quae.',2,'1970-10-24 07:41:13','2020-10-23 14:09:43'),(79,'expedita','vitae','Voluptate a nisi recusandae aut. Dolor commodi ut impedit saepe. Tempora ut voluptatem porro corporis aut. Perspiciatis quam voluptatem tenetur eligendi atque et sunt.',10,'2013-05-14 03:58:49','1987-09-16 03:43:12'),(80,'nemo','molestias','Aliquid libero est velit. Totam ut saepe quas sed officia distinctio eum. Omnis suscipit est voluptas temporibus nisi rerum voluptatum perspiciatis.',2,'1982-09-06 02:31:58','2022-03-18 23:40:40'),(81,'vitae','quidem','A voluptatum similique iure similique nam. Laudantium ratione laudantium blanditiis excepturi voluptates. Veniam tempora atque nihil nostrum.',1,'2018-07-13 23:19:35','1978-05-06 01:11:17'),(82,'veritatis','placeat','Omnis dolores iusto pariatur quia provident quas. Dolor aut quia aut est velit. Et soluta est vitae voluptatum labore totam corporis.',5,'1974-03-20 07:31:36','1993-06-02 18:56:39'),(83,'dolores','officiis','Accusantium qui aspernatur earum dolor delectus. Enim voluptates eius dolore aut eveniet. Delectus aspernatur laboriosam eius incidunt aut.',10,'1998-07-22 22:57:27','1984-01-23 06:09:48'),(84,'placeat','repellat','Ipsum voluptatem laboriosam velit. A neque eligendi reiciendis non. Nihil accusamus in id. Eum dolores harum repudiandae. Qui nemo et quae quae odit fugit ut.',8,'1973-05-13 19:21:46','1999-02-02 14:19:51'),(85,'odit','nostrum','Enim repellendus commodi sed quis perspiciatis consequatur aliquam. Magni soluta fugit repudiandae id in. Ea rerum dolor repudiandae qui. Aspernatur magnam temporibus aliquam laboriosam.',5,'1976-03-10 22:31:02','1980-11-13 10:25:30'),(86,'assumenda','officia','Expedita esse sint voluptas ut architecto. Iusto consequatur ut quia. Aliquid est deleniti ut numquam.',10,'1980-01-17 17:02:44','1985-04-14 08:19:49'),(87,'ad','inventore','Pariatur vel aut deleniti eos. Omnis molestiae architecto aperiam quibusdam voluptatem modi hic ea.',1,'1972-03-01 01:51:52','1984-09-08 06:47:09'),(88,'quia','tempore','Magnam qui in deleniti facere nostrum. Debitis doloremque natus voluptatibus debitis incidunt. Dolores temporibus error eum nisi officiis asperiores velit.',2,'1985-03-10 17:06:59','1999-05-08 09:28:37'),(89,'laudantium','ut','Officiis libero fugiat hic ducimus placeat. Aspernatur praesentium consequatur exercitationem voluptas atque. Molestiae harum et veniam ut ut dolorem inventore.',2,'1998-07-23 23:23:32','1974-12-13 12:10:30'),(90,'sint','temporibus','Culpa animi dolorem vel quia et omnis. Est enim nulla voluptatem doloremque nostrum.',1,'1972-11-13 01:26:34','2010-01-07 04:18:08'),(91,'tempore','libero','Hic aut laudantium qui eum. Molestiae architecto sit eaque.',10,'2003-05-26 21:37:59','1987-12-09 14:17:55'),(92,'ut','velit','Vitae sunt alias voluptates expedita possimus. Magnam non eos ipsam ea id autem ipsa.',7,'1973-05-16 11:57:02','1970-01-11 07:35:13'),(93,'eius','iste','Dicta vitae autem quisquam a qui quia. Repellendus at eveniet iste necessitatibus repellendus sit vero mollitia. Quisquam placeat nam molestiae consequuntur nostrum.',8,'1998-06-23 11:14:12','1986-05-21 07:14:51'),(94,'libero','ut','Reprehenderit rem rem facere nulla ab et. Corporis illum consequatur odit minus ut dolorem. Aut qui aut at dolorum velit.',9,'2007-02-11 09:13:14','2022-04-16 02:31:35'),(95,'qui','ipsa','Non velit perspiciatis enim libero et voluptas. Consequatur nulla delectus similique adipisci doloremque. Placeat minus est ullam voluptatem.',10,'1984-06-05 07:20:33','1975-02-02 15:40:45'),(96,'sit','pariatur','Dolorum delectus quis voluptas eveniet. Sit natus voluptas occaecati sint dolorem. Tenetur dignissimos dolorem est sit.',5,'2018-11-26 03:34:57','1989-08-18 22:56:17'),(97,'quod','esse','Atque et ut vitae sit aut. Et magni autem cumque omnis. Velit velit quia quia assumenda perspiciatis explicabo.',8,'1989-07-03 22:38:57','2019-03-08 05:04:50'),(98,'fugiat','aut','Earum numquam sed molestiae. Rerum officiis nihil nisi iusto. Cupiditate itaque ea sequi molestiae id adipisci.',5,'1981-07-19 09:41:14','1986-09-11 05:04:58'),(99,'expedita','atque','Qui nihil illum dignissimos quod et sed. Vitae ullam incidunt magnam in dolor aut. Omnis sit ut blanditiis perferendis a. Eum qui voluptatum recusandae. Cupiditate qui magni dolor corrupti.',2,'1985-02-14 00:10:14','1986-01-07 22:12:01'),(100,'est','quia','Soluta atque quis et voluptas maiores blanditiis minima. Sit quisquam dolorem error non. Saepe ad est praesentium natus repellendus accusamus. Necessitatibus deleniti nam ab veniam consectetur.',9,'2012-04-06 13:04:32','2022-04-25 21:11:40');
/*!40000 ALTER TABLE `fields` ENABLE KEYS */;
UNLOCK TABLES;

--
-- Table structure for table `jobrecommendations`
--

DROP TABLE IF EXISTS `jobrecommendations`;
/*!40101 SET @saved_cs_client     = @@character_set_client */;
/*!50503 SET character_set_client = utf8mb4 */;
CREATE TABLE `jobrecommendations` (
  `id` bigint unsigned NOT NULL AUTO_INCREMENT,
  `job_id` bigint unsigned NOT NULL,
  `user_id` bigint unsigned NOT NULL,
  `score` double(8,2) NOT NULL DEFAULT '0.00',
  `created_at` timestamp NULL DEFAULT NULL,
  `updated_at` timestamp NULL DEFAULT NULL,
  PRIMARY KEY (`id`),
  KEY `jobrecommendations_job_id_foreign` (`job_id`),
  KEY `jobrecommendations_user_id_foreign` (`user_id`),
  CONSTRAINT `jobrecommendations_job_id_foreign` FOREIGN KEY (`job_id`) REFERENCES `jobs` (`id`) ON DELETE CASCADE,
  CONSTRAINT `jobrecommendations_user_id_foreign` FOREIGN KEY (`user_id`) REFERENCES `users` (`id`) ON DELETE CASCADE
) ENGINE=InnoDB AUTO_INCREMENT=2377 DEFAULT CHARSET=utf8mb4 COLLATE=utf8mb4_unicode_ci;
/*!40101 SET character_set_client = @saved_cs_client */;

--
-- Dumping data for table `jobrecommendations`
--

LOCK TABLES `jobrecommendations` WRITE;
/*!40000 ALTER TABLE `jobrecommendations` DISABLE KEYS */;
INSERT INTO `jobrecommendations` VALUES (1,4,20,0.50,'2023-04-28 09:45:08','2023-04-28 09:45:08'),(2,6,20,0.50,'2023-04-28 09:45:08','2023-04-28 09:45:08'),(3,7,20,0.50,'2023-04-28 09:45:08','2023-04-28 09:45:08'),(4,8,20,0.50,'2023-04-28 09:45:09','2023-04-28 09:45:09'),(5,14,20,0.50,'2023-04-28 09:45:09','2023-04-28 09:45:09'),(6,19,20,0.50,'2023-04-28 09:45:09','2023-04-28 09:45:09'),(7,25,20,0.50,'2023-04-28 09:45:09','2023-04-28 09:45:09'),(8,32,20,0.50,'2023-04-28 09:45:10','2023-04-28 09:45:10'),(9,35,20,0.50,'2023-04-28 09:45:10','2023-04-28 09:45:10'),(10,36,20,0.50,'2023-04-28 09:45:10','2023-04-28 09:45:10'),(11,37,20,0.50,'2023-04-28 09:45:10','2023-04-28 09:45:10'),(12,38,20,0.50,'2023-04-28 09:45:10','2023-04-28 09:45:10'),(13,39,20,0.50,'2023-04-28 09:45:10','2023-04-28 09:45:10'),(14,42,20,0.50,'2023-04-28 09:45:10','2023-04-28 09:45:10'),(15,45,20,0.50,'2023-04-28 09:45:10','2023-04-28 09:45:10'),(16,46,20,0.50,'2023-04-28 09:45:10','2023-04-28 09:45:10'),(17,50,20,0.50,'2023-04-28 09:45:11','2023-04-28 09:45:11'),(18,59,20,0.50,'2023-04-28 09:45:11','2023-04-28 09:45:11'),(19,60,20,0.50,'2023-04-28 09:45:11','2023-04-28 09:45:11'),(20,74,20,0.50,'2023-04-28 09:45:11','2023-04-28 09:45:11'),(21,75,20,0.50,'2023-04-28 09:45:11','2023-04-28 09:45:11'),(22,79,20,0.50,'2023-04-28 09:45:11','2023-04-28 09:45:11'),(23,87,20,0.50,'2023-04-28 09:45:11','2023-04-28 09:45:11'),(24,89,20,0.50,'2023-04-28 09:45:11','2023-04-28 09:45:11'),(25,95,20,0.50,'2023-04-28 09:45:11','2023-04-28 09:45:11'),(26,101,20,0.50,'2023-04-28 09:45:12','2023-04-28 09:45:12'),(27,102,20,0.50,'2023-04-28 09:45:12','2023-04-28 09:45:12'),(28,104,20,0.50,'2023-04-28 09:45:12','2023-04-28 09:45:12'),(29,106,20,0.50,'2023-04-28 09:45:12','2023-04-28 09:45:12'),(30,113,20,0.50,'2023-04-28 09:45:12','2023-04-28 09:45:12'),(31,116,20,0.50,'2023-04-28 09:45:12','2023-04-28 09:45:12'),(32,129,20,0.50,'2023-04-28 09:45:12','2023-04-28 09:45:12'),(33,137,20,0.50,'2023-04-28 09:45:12','2023-04-28 09:45:12'),(34,138,20,0.50,'2023-04-28 09:45:12','2023-04-28 09:45:12'),(35,146,20,0.50,'2023-04-28 09:45:13','2023-04-28 09:45:13'),(36,148,20,0.50,'2023-04-28 09:45:13','2023-04-28 09:45:13'),(37,149,20,0.50,'2023-04-28 09:45:13','2023-04-28 09:45:13'),(38,150,20,0.50,'2023-04-28 09:45:13','2023-04-28 09:45:13'),(39,153,20,0.50,'2023-04-28 09:45:13','2023-04-28 09:45:13'),(40,154,20,0.50,'2023-04-28 09:45:14','2023-04-28 09:45:14'),(41,156,20,0.50,'2023-04-28 09:45:14','2023-04-28 09:45:14'),(42,160,20,0.50,'2023-04-28 09:45:14','2023-04-28 09:45:14'),(43,161,20,0.50,'2023-04-28 09:45:14','2023-04-28 09:45:14'),(44,163,20,0.50,'2023-04-28 09:45:14','2023-04-28 09:45:14'),(45,165,20,0.50,'2023-04-28 09:45:14','2023-04-28 09:45:14'),(46,172,20,0.50,'2023-04-28 09:45:15','2023-04-28 09:45:15'),(47,173,20,0.50,'2023-04-28 09:45:15','2023-04-28 09:45:15'),(48,175,20,0.50,'2023-04-28 09:45:15','2023-04-28 09:45:15'),(49,177,20,0.50,'2023-04-28 09:45:15','2023-04-28 09:45:15'),(50,180,20,0.50,'2023-04-28 09:45:15','2023-04-28 09:45:15'),(51,181,20,0.50,'2023-04-28 09:45:15','2023-04-28 09:45:15'),(52,182,20,0.50,'2023-04-28 09:45:15','2023-04-28 09:45:15'),(53,184,20,0.50,'2023-04-28 09:45:15','2023-04-28 09:45:15'),(54,185,20,0.50,'2023-04-28 09:45:15','2023-04-28 09:45:15'),(55,186,20,0.50,'2023-04-28 09:45:15','2023-04-28 09:45:15'),(56,193,20,0.50,'2023-04-28 09:45:16','2023-04-28 09:45:16'),(57,96,56,0.50,'2023-04-29 09:34:41','2023-04-29 09:34:41'),(58,183,56,0.50,'2023-04-29 09:34:42','2023-04-29 09:34:42'),(59,96,56,0.50,'2023-05-11 05:26:03','2023-05-11 05:26:03'),(60,183,56,0.50,'2023-05-11 05:26:04','2023-05-11 05:26:04'),(61,34,1,0.50,'2023-05-11 05:29:31','2023-05-11 05:29:31'),(62,35,1,0.50,'2023-05-11 05:29:32','2023-05-11 05:29:32'),(63,38,1,0.50,'2023-05-11 05:29:33','2023-05-11 05:29:33'),(64,46,1,0.50,'2023-05-11 05:29:34','2023-05-11 05:29:34'),(65,50,1,0.50,'2023-05-11 05:29:34','2023-05-11 05:29:34'),(66,52,1,0.50,'2023-05-11 05:29:35','2023-05-11 05:29:35'),(67,53,1,0.50,'2023-05-11 05:29:35','2023-05-11 05:29:35'),(68,56,1,0.50,'2023-05-11 05:29:36','2023-05-11 05:29:36'),(69,73,1,0.50,'2023-05-11 05:29:36','2023-05-11 05:29:36'),(70,131,1,0.50,'2023-05-11 05:29:36','2023-05-11 05:29:36'),(71,154,1,0.50,'2023-05-11 05:29:37','2023-05-11 05:29:37'),(72,165,1,0.50,'2023-05-11 05:29:37','2023-05-11 05:29:37'),(73,168,1,0.50,'2023-05-11 05:29:38','2023-05-11 05:29:38'),(74,186,1,0.50,'2023-05-11 05:29:38','2023-05-11 05:29:38'),(75,5,2,0.50,'2023-05-11 05:29:38','2023-05-11 05:29:38'),(76,10,2,0.50,'2023-05-11 05:29:39','2023-05-11 05:29:39'),(77,46,2,0.50,'2023-05-11 05:29:39','2023-05-11 05:29:39'),(78,48,2,0.50,'2023-05-11 05:29:39','2023-05-11 05:29:39'),(79,53,2,0.50,'2023-05-11 05:29:39','2023-05-11 05:29:39'),(80,62,2,0.50,'2023-05-11 05:29:40','2023-05-11 05:29:40'),(81,63,2,0.50,'2023-05-11 05:29:40','2023-05-11 05:29:40'),(82,76,2,0.50,'2023-05-11 05:29:40','2023-05-11 05:29:40'),(83,93,2,0.50,'2023-05-11 05:29:41','2023-05-11 05:29:41'),(84,102,2,0.50,'2023-05-11 05:29:43','2023-05-11 05:29:43'),(85,108,2,0.50,'2023-05-11 05:29:43','2023-05-11 05:29:43'),(86,109,2,0.50,'2023-05-11 05:29:43','2023-05-11 05:29:43'),(87,116,2,0.50,'2023-05-11 05:29:43','2023-05-11 05:29:43'),(88,119,2,0.50,'2023-05-11 05:29:44','2023-05-11 05:29:44'),(89,127,2,0.50,'2023-05-11 05:29:44','2023-05-11 05:29:44'),(90,129,2,0.50,'2023-05-11 05:29:45','2023-05-11 05:29:45'),(91,134,2,0.50,'2023-05-11 05:29:45','2023-05-11 05:29:45'),(92,190,2,0.50,'2023-05-11 05:29:45','2023-05-11 05:29:45'),(93,11,3,0.50,'2023-05-11 05:29:46','2023-05-11 05:29:46'),(94,20,3,0.50,'2023-05-11 05:29:46','2023-05-11 05:29:46'),(95,32,3,0.50,'2023-05-11 05:29:46','2023-05-11 05:29:46'),(96,39,3,0.50,'2023-05-11 05:29:47','2023-05-11 05:29:47'),(97,43,3,0.50,'2023-05-11 05:29:47','2023-05-11 05:29:47'),(98,44,3,0.50,'2023-05-11 05:29:47','2023-05-11 05:29:47'),(99,45,3,0.50,'2023-05-11 05:29:47','2023-05-11 05:29:47'),(100,48,3,0.50,'2023-05-11 05:29:48','2023-05-11 05:29:48'),(101,53,3,0.50,'2023-05-11 05:29:48','2023-05-11 05:29:48'),(102,54,3,0.50,'2023-05-11 05:29:48','2023-05-11 05:29:48'),(103,59,3,0.50,'2023-05-11 05:29:48','2023-05-11 05:29:48'),(104,61,3,0.50,'2023-05-11 05:29:48','2023-05-11 05:29:48'),(105,63,3,0.50,'2023-05-11 05:29:49','2023-05-11 05:29:49'),(106,73,3,0.50,'2023-05-11 05:29:49','2023-05-11 05:29:49'),(107,77,3,0.50,'2023-05-11 05:29:49','2023-05-11 05:29:49'),(108,78,3,0.50,'2023-05-11 05:29:49','2023-05-11 05:29:49'),(109,81,3,0.50,'2023-05-11 05:29:49','2023-05-11 05:29:49'),(110,83,3,0.50,'2023-05-11 05:29:50','2023-05-11 05:29:50'),(111,97,3,0.50,'2023-05-11 05:29:50','2023-05-11 05:29:50'),(112,101,3,0.50,'2023-05-11 05:29:50','2023-05-11 05:29:50'),(113,102,3,0.50,'2023-05-11 05:29:50','2023-05-11 05:29:50'),(114,105,3,0.50,'2023-05-11 05:29:51','2023-05-11 05:29:51'),(115,119,3,0.50,'2023-05-11 05:29:51','2023-05-11 05:29:51'),(116,121,3,0.50,'2023-05-11 05:29:51','2023-05-11 05:29:51'),(117,131,3,0.50,'2023-05-11 05:29:52','2023-05-11 05:29:52'),(118,132,3,0.50,'2023-05-11 05:29:52','2023-05-11 05:29:52'),(119,133,3,0.50,'2023-05-11 05:29:52','2023-05-11 05:29:52'),(120,139,3,0.50,'2023-05-11 05:29:52','2023-05-11 05:29:52'),(121,142,3,0.50,'2023-05-11 05:29:52','2023-05-11 05:29:52'),(122,151,3,0.50,'2023-05-11 05:29:53','2023-05-11 05:29:53'),(123,158,3,0.50,'2023-05-11 05:29:53','2023-05-11 05:29:53'),(124,165,3,0.50,'2023-05-11 05:29:53','2023-05-11 05:29:53'),(125,166,3,0.50,'2023-05-11 05:29:53','2023-05-11 05:29:53'),(126,167,3,0.50,'2023-05-11 05:29:53','2023-05-11 05:29:53'),(127,170,3,0.50,'2023-05-11 05:29:54','2023-05-11 05:29:54'),(128,171,3,0.50,'2023-05-11 05:29:54','2023-05-11 05:29:54'),(129,172,3,0.50,'2023-05-11 05:29:54','2023-05-11 05:29:54'),(130,179,3,0.50,'2023-05-11 05:29:54','2023-05-11 05:29:54'),(131,185,3,0.50,'2023-05-11 05:29:55','2023-05-11 05:29:55'),(132,198,3,0.50,'2023-05-11 05:29:55','2023-05-11 05:29:55'),(133,2,5,0.50,'2023-05-11 05:29:55','2023-05-11 05:29:55'),(134,7,5,0.50,'2023-05-11 05:29:55','2023-05-11 05:29:55'),(135,9,5,0.50,'2023-05-11 05:29:56','2023-05-11 05:29:56'),(136,11,5,0.50,'2023-05-11 05:29:56','2023-05-11 05:29:56'),(137,27,5,0.50,'2023-05-11 05:29:56','2023-05-11 05:29:56'),(138,28,5,0.50,'2023-05-11 05:29:56','2023-05-11 05:29:56'),(139,32,5,0.50,'2023-05-11 05:29:56','2023-05-11 05:29:56'),(140,35,5,0.50,'2023-05-11 05:29:57','2023-05-11 05:29:57'),(141,48,5,0.50,'2023-05-11 05:29:57','2023-05-11 05:29:57'),(142,51,5,0.50,'2023-05-11 05:29:57','2023-05-11 05:29:57'),(143,52,5,0.50,'2023-05-11 05:29:57','2023-05-11 05:29:57'),(144,57,5,0.50,'2023-05-11 05:29:57','2023-05-11 05:29:57'),(145,61,5,0.50,'2023-05-11 05:29:58','2023-05-11 05:29:58'),(146,74,5,0.50,'2023-05-11 05:29:58','2023-05-11 05:29:58'),(147,80,5,0.50,'2023-05-11 05:29:58','2023-05-11 05:29:58'),(148,83,5,0.50,'2023-05-11 05:29:58','2023-05-11 05:29:58'),(149,84,5,0.50,'2023-05-11 05:29:58','2023-05-11 05:29:58'),(150,85,5,0.50,'2023-05-11 05:29:59','2023-05-11 05:29:59'),(151,88,5,0.50,'2023-05-11 05:29:59','2023-05-11 05:29:59'),(152,90,5,0.50,'2023-05-11 05:29:59','2023-05-11 05:29:59'),(153,91,5,0.50,'2023-05-11 05:29:59','2023-05-11 05:29:59'),(154,93,5,0.50,'2023-05-11 05:29:59','2023-05-11 05:29:59'),(155,95,5,0.50,'2023-05-11 05:30:00','2023-05-11 05:30:00'),(156,96,5,0.50,'2023-05-11 05:30:00','2023-05-11 05:30:00'),(157,105,5,0.50,'2023-05-11 05:30:00','2023-05-11 05:30:00'),(158,107,5,0.50,'2023-05-11 05:30:00','2023-05-11 05:30:00'),(159,109,5,0.50,'2023-05-11 05:30:00','2023-05-11 05:30:00'),(160,116,5,0.50,'2023-05-11 05:30:01','2023-05-11 05:30:01'),(161,118,5,0.50,'2023-05-11 05:30:01','2023-05-11 05:30:01'),(162,119,5,0.50,'2023-05-11 05:30:02','2023-05-11 05:30:02'),(163,123,5,0.50,'2023-05-11 05:30:02','2023-05-11 05:30:02'),(164,127,5,0.50,'2023-05-11 05:30:02','2023-05-11 05:30:02'),(165,132,5,0.50,'2023-05-11 05:30:02','2023-05-11 05:30:02'),(166,135,5,0.50,'2023-05-11 05:30:02','2023-05-11 05:30:02'),(167,143,5,0.50,'2023-05-11 05:30:03','2023-05-11 05:30:03'),(168,146,5,0.50,'2023-05-11 05:30:03','2023-05-11 05:30:03'),(169,156,5,0.50,'2023-05-11 05:30:03','2023-05-11 05:30:03'),(170,158,5,0.50,'2023-05-11 05:30:04','2023-05-11 05:30:04'),(171,159,5,0.50,'2023-05-11 05:30:04','2023-05-11 05:30:04'),(172,161,5,0.50,'2023-05-11 05:30:04','2023-05-11 05:30:04'),(173,172,5,0.50,'2023-05-11 05:30:04','2023-05-11 05:30:04'),(174,175,5,0.50,'2023-05-11 05:30:04','2023-05-11 05:30:04'),(175,180,5,0.50,'2023-05-11 05:30:04','2023-05-11 05:30:04'),(176,184,5,0.50,'2023-05-11 05:30:05','2023-05-11 05:30:05'),(177,186,5,0.50,'2023-05-11 05:30:05','2023-05-11 05:30:05'),(178,6,6,0.50,'2023-05-11 05:30:05','2023-05-11 05:30:05'),(179,9,6,0.50,'2023-05-11 05:30:05','2023-05-11 05:30:05'),(180,15,6,0.50,'2023-05-11 05:30:06','2023-05-11 05:30:06'),(181,20,6,0.50,'2023-05-11 05:30:06','2023-05-11 05:30:06'),(182,31,6,0.50,'2023-05-11 05:30:06','2023-05-11 05:30:06'),(183,41,6,0.50,'2023-05-11 05:30:06','2023-05-11 05:30:06'),(184,53,6,0.50,'2023-05-11 05:30:07','2023-05-11 05:30:07'),(185,57,6,0.50,'2023-05-11 05:30:07','2023-05-11 05:30:07'),(186,64,6,0.50,'2023-05-11 05:30:07','2023-05-11 05:30:07'),(187,74,6,0.50,'2023-05-11 05:30:08','2023-05-11 05:30:08'),(188,86,6,0.50,'2023-05-11 05:30:08','2023-05-11 05:30:08'),(189,100,6,0.50,'2023-05-11 05:30:08','2023-05-11 05:30:08'),(190,113,6,0.50,'2023-05-11 05:30:08','2023-05-11 05:30:08'),(191,130,6,0.50,'2023-05-11 05:30:08','2023-05-11 05:30:08'),(192,132,6,0.50,'2023-05-11 05:30:09','2023-05-11 05:30:09'),(193,138,6,0.50,'2023-05-11 05:30:09','2023-05-11 05:30:09'),(194,145,6,0.50,'2023-05-11 05:30:09','2023-05-11 05:30:09'),(195,166,6,0.50,'2023-05-11 05:30:10','2023-05-11 05:30:10'),(196,177,6,0.50,'2023-05-11 05:30:10','2023-05-11 05:30:10'),(197,191,6,0.50,'2023-05-11 05:30:10','2023-05-11 05:30:10'),(198,195,6,0.50,'2023-05-11 05:30:10','2023-05-11 05:30:10'),(199,2,7,0.50,'2023-05-11 05:30:10','2023-05-11 05:30:10'),(200,10,7,0.50,'2023-05-11 05:30:11','2023-05-11 05:30:11'),(201,15,7,0.50,'2023-05-11 05:30:11','2023-05-11 05:30:11'),(202,18,7,0.50,'2023-05-11 05:30:11','2023-05-11 05:30:11'),(203,31,7,0.50,'2023-05-11 05:30:11','2023-05-11 05:30:11'),(204,35,7,0.50,'2023-05-11 05:30:12','2023-05-11 05:30:12'),(205,38,7,0.50,'2023-05-11 05:30:12','2023-05-11 05:30:12'),(206,39,7,0.50,'2023-05-11 05:30:13','2023-05-11 05:30:13'),(207,46,7,0.50,'2023-05-11 05:30:13','2023-05-11 05:30:13'),(208,49,7,0.50,'2023-05-11 05:30:13','2023-05-11 05:30:13'),(209,50,7,0.50,'2023-05-11 05:30:13','2023-05-11 05:30:13'),(210,53,7,0.50,'2023-05-11 05:30:13','2023-05-11 05:30:13'),(211,63,7,0.50,'2023-05-11 05:30:13','2023-05-11 05:30:13'),(212,73,7,0.50,'2023-05-11 05:30:13','2023-05-11 05:30:13'),(213,74,7,0.50,'2023-05-11 05:30:14','2023-05-11 05:30:14'),(214,77,7,0.50,'2023-05-11 05:30:14','2023-05-11 05:30:14'),(215,79,7,0.50,'2023-05-11 05:30:14','2023-05-11 05:30:14'),(216,80,7,0.50,'2023-05-11 05:30:14','2023-05-11 05:30:14'),(217,86,7,0.50,'2023-05-11 05:30:14','2023-05-11 05:30:14'),(218,93,7,0.50,'2023-05-11 05:30:15','2023-05-11 05:30:15'),(219,98,7,0.50,'2023-05-11 05:30:15','2023-05-11 05:30:15'),(220,109,7,0.50,'2023-05-11 05:30:16','2023-05-11 05:30:16'),(221,121,7,0.50,'2023-05-11 05:30:16','2023-05-11 05:30:16'),(222,123,7,0.50,'2023-05-11 05:30:16','2023-05-11 05:30:16'),(223,126,7,0.50,'2023-05-11 05:30:16','2023-05-11 05:30:16'),(224,146,7,0.50,'2023-05-11 05:30:16','2023-05-11 05:30:16'),(225,154,7,0.50,'2023-05-11 05:30:17','2023-05-11 05:30:17'),(226,160,7,0.50,'2023-05-11 05:30:17','2023-05-11 05:30:17'),(227,165,7,0.50,'2023-05-11 05:30:17','2023-05-11 05:30:17'),(228,166,7,0.50,'2023-05-11 05:30:17','2023-05-11 05:30:17'),(229,168,7,0.50,'2023-05-11 05:30:17','2023-05-11 05:30:17'),(230,172,7,0.50,'2023-05-11 05:30:18','2023-05-11 05:30:18'),(231,175,7,0.50,'2023-05-11 05:30:18','2023-05-11 05:30:18'),(232,179,7,0.50,'2023-05-11 05:30:18','2023-05-11 05:30:18'),(233,184,7,0.50,'2023-05-11 05:30:18','2023-05-11 05:30:18'),(234,186,7,0.50,'2023-05-11 05:30:18','2023-05-11 05:30:18'),(235,188,7,0.50,'2023-05-11 05:30:19','2023-05-11 05:30:19'),(236,191,7,0.50,'2023-05-11 05:30:19','2023-05-11 05:30:19'),(237,1,8,0.50,'2023-05-11 05:30:19','2023-05-11 05:30:19'),(238,3,8,0.50,'2023-05-11 05:30:19','2023-05-11 05:30:19'),(239,4,8,0.50,'2023-05-11 05:30:20','2023-05-11 05:30:20'),(240,6,8,0.50,'2023-05-11 05:30:20','2023-05-11 05:30:20'),(241,11,8,0.50,'2023-05-11 05:30:20','2023-05-11 05:30:20'),(242,12,8,0.50,'2023-05-11 05:30:20','2023-05-11 05:30:20'),(243,14,8,0.50,'2023-05-11 05:30:20','2023-05-11 05:30:20'),(244,16,8,0.50,'2023-05-11 05:30:20','2023-05-11 05:30:20'),(245,20,8,0.50,'2023-05-11 05:30:21','2023-05-11 05:30:21'),(246,28,8,0.50,'2023-05-11 05:30:21','2023-05-11 05:30:21'),(247,30,8,0.50,'2023-05-11 05:30:21','2023-05-11 05:30:21'),(248,31,8,0.50,'2023-05-11 05:30:22','2023-05-11 05:30:22'),(249,36,8,0.50,'2023-05-11 05:30:22','2023-05-11 05:30:22'),(250,38,8,0.50,'2023-05-11 05:30:22','2023-05-11 05:30:22'),(251,39,8,0.50,'2023-05-11 05:30:22','2023-05-11 05:30:22'),(252,43,8,0.50,'2023-05-11 05:30:23','2023-05-11 05:30:23'),(253,48,8,0.50,'2023-05-11 05:30:23','2023-05-11 05:30:23'),(254,53,8,0.50,'2023-05-11 05:30:23','2023-05-11 05:30:23'),(255,54,8,0.50,'2023-05-11 05:30:23','2023-05-11 05:30:23'),(256,55,8,0.50,'2023-05-11 05:30:24','2023-05-11 05:30:24'),(257,58,8,0.50,'2023-05-11 05:30:24','2023-05-11 05:30:24'),(258,59,8,0.50,'2023-05-11 05:30:25','2023-05-11 05:30:25'),(259,65,8,0.50,'2023-05-11 05:30:25','2023-05-11 05:30:25'),(260,66,8,0.50,'2023-05-11 05:30:25','2023-05-11 05:30:25'),(261,71,8,0.50,'2023-05-11 05:30:25','2023-05-11 05:30:25'),(262,73,8,0.50,'2023-05-11 05:30:25','2023-05-11 05:30:25'),(263,75,8,0.50,'2023-05-11 05:30:26','2023-05-11 05:30:26'),(264,77,8,0.50,'2023-05-11 05:30:26','2023-05-11 05:30:26'),(265,81,8,0.50,'2023-05-11 05:30:26','2023-05-11 05:30:26'),(266,82,8,0.50,'2023-05-11 05:30:26','2023-05-11 05:30:26'),(267,85,8,0.50,'2023-05-11 05:30:26','2023-05-11 05:30:26'),(268,90,8,0.50,'2023-05-11 05:30:26','2023-05-11 05:30:26'),(269,91,8,0.50,'2023-05-11 05:30:27','2023-05-11 05:30:27'),(270,92,8,0.50,'2023-05-11 05:30:27','2023-05-11 05:30:27'),(271,104,8,0.50,'2023-05-11 05:30:27','2023-05-11 05:30:27'),(272,107,8,0.50,'2023-05-11 05:30:28','2023-05-11 05:30:28'),(273,112,8,0.50,'2023-05-11 05:30:28','2023-05-11 05:30:28'),(274,114,8,0.50,'2023-05-11 05:30:28','2023-05-11 05:30:28'),(275,115,8,0.50,'2023-05-11 05:30:29','2023-05-11 05:30:29'),(276,116,8,0.50,'2023-05-11 05:30:29','2023-05-11 05:30:29'),(277,117,8,0.50,'2023-05-11 05:30:30','2023-05-11 05:30:30'),(278,118,8,0.50,'2023-05-11 05:30:30','2023-05-11 05:30:30'),(279,119,8,0.50,'2023-05-11 05:30:30','2023-05-11 05:30:30'),(280,123,8,0.50,'2023-05-11 05:30:31','2023-05-11 05:30:31'),(281,124,8,0.50,'2023-05-11 05:30:31','2023-05-11 05:30:31'),(282,126,8,0.50,'2023-05-11 05:30:31','2023-05-11 05:30:31'),(283,128,8,0.50,'2023-05-11 05:30:32','2023-05-11 05:30:32'),(284,137,8,0.50,'2023-05-11 05:30:32','2023-05-11 05:30:32'),(285,138,8,0.50,'2023-05-11 05:30:32','2023-05-11 05:30:32'),(286,139,8,0.50,'2023-05-11 05:30:32','2023-05-11 05:30:32'),(287,141,8,0.50,'2023-05-11 05:30:33','2023-05-11 05:30:33'),(288,143,8,0.50,'2023-05-11 05:30:33','2023-05-11 05:30:33'),(289,144,8,0.50,'2023-05-11 05:30:34','2023-05-11 05:30:34'),(290,147,8,0.50,'2023-05-11 05:30:34','2023-05-11 05:30:34'),(291,152,8,0.50,'2023-05-11 05:30:34','2023-05-11 05:30:34'),(292,155,8,0.50,'2023-05-11 05:30:35','2023-05-11 05:30:35'),(293,160,8,0.50,'2023-05-11 05:30:35','2023-05-11 05:30:35'),(294,165,8,0.50,'2023-05-11 05:30:36','2023-05-11 05:30:36'),(295,166,8,0.50,'2023-05-11 05:30:36','2023-05-11 05:30:36'),(296,174,8,0.50,'2023-05-11 05:30:36','2023-05-11 05:30:36'),(297,175,8,0.50,'2023-05-11 05:30:37','2023-05-11 05:30:37'),(298,176,8,0.50,'2023-05-11 05:30:37','2023-05-11 05:30:37'),(299,177,8,0.50,'2023-05-11 05:30:37','2023-05-11 05:30:37'),(300,181,8,0.50,'2023-05-11 05:30:38','2023-05-11 05:30:38'),(301,182,8,0.50,'2023-05-11 05:30:38','2023-05-11 05:30:38'),(302,186,8,0.50,'2023-05-11 05:30:38','2023-05-11 05:30:38'),(303,190,8,0.50,'2023-05-11 05:30:38','2023-05-11 05:30:38'),(304,191,8,0.50,'2023-05-11 05:30:39','2023-05-11 05:30:39'),(305,194,8,0.50,'2023-05-11 05:30:39','2023-05-11 05:30:39'),(306,195,8,0.50,'2023-05-11 05:30:39','2023-05-11 05:30:39'),(307,197,8,0.50,'2023-05-11 05:30:39','2023-05-11 05:30:39'),(308,198,8,0.50,'2023-05-11 05:30:40','2023-05-11 05:30:40'),(309,199,8,0.50,'2023-05-11 05:30:40','2023-05-11 05:30:40'),(310,2,10,0.50,'2023-05-11 05:30:40','2023-05-11 05:30:40'),(311,25,10,0.50,'2023-05-11 05:30:41','2023-05-11 05:30:41'),(312,32,10,0.50,'2023-05-11 05:30:41','2023-05-11 05:30:41'),(313,35,10,0.50,'2023-05-11 05:30:41','2023-05-11 05:30:41'),(314,36,10,0.50,'2023-05-11 05:30:41','2023-05-11 05:30:41'),(315,46,10,0.50,'2023-05-11 05:30:41','2023-05-11 05:30:41'),(316,61,10,0.50,'2023-05-11 05:30:42','2023-05-11 05:30:42'),(317,62,10,0.50,'2023-05-11 05:30:42','2023-05-11 05:30:42'),(318,66,10,0.50,'2023-05-11 05:30:42','2023-05-11 05:30:42'),(319,72,10,0.50,'2023-05-11 05:30:42','2023-05-11 05:30:42'),(320,73,10,0.50,'2023-05-11 05:30:42','2023-05-11 05:30:42'),(321,87,10,0.50,'2023-05-11 05:30:43','2023-05-11 05:30:43'),(322,109,10,0.50,'2023-05-11 05:30:43','2023-05-11 05:30:43'),(323,116,10,0.50,'2023-05-11 05:30:43','2023-05-11 05:30:43'),(324,123,10,0.50,'2023-05-11 05:30:44','2023-05-11 05:30:44'),(325,137,10,0.50,'2023-05-11 05:30:44','2023-05-11 05:30:44'),(326,146,10,0.50,'2023-05-11 05:30:44','2023-05-11 05:30:44'),(327,150,10,0.50,'2023-05-11 05:30:44','2023-05-11 05:30:44'),(328,180,10,0.50,'2023-05-11 05:30:45','2023-05-11 05:30:45'),(329,191,10,0.50,'2023-05-11 05:30:45','2023-05-11 05:30:45'),(330,194,10,0.50,'2023-05-11 05:30:45','2023-05-11 05:30:45'),(331,198,10,0.50,'2023-05-11 05:30:45','2023-05-11 05:30:45'),(332,1,11,0.50,'2023-05-11 05:30:45','2023-05-11 05:30:45'),(333,2,11,0.50,'2023-05-11 05:30:46','2023-05-11 05:30:46'),(334,3,11,0.50,'2023-05-11 05:30:46','2023-05-11 05:30:46'),(335,7,11,0.50,'2023-05-11 05:30:46','2023-05-11 05:30:46'),(336,11,11,0.50,'2023-05-11 05:30:46','2023-05-11 05:30:46'),(337,15,11,0.50,'2023-05-11 05:30:46','2023-05-11 05:30:46'),(338,17,11,0.50,'2023-05-11 05:30:47','2023-05-11 05:30:47'),(339,18,11,0.50,'2023-05-11 05:30:47','2023-05-11 05:30:47'),(340,20,11,0.50,'2023-05-11 05:30:47','2023-05-11 05:30:47'),(341,25,11,0.50,'2023-05-11 05:30:47','2023-05-11 05:30:47'),(342,27,11,0.50,'2023-05-11 05:30:48','2023-05-11 05:30:48'),(343,34,11,0.50,'2023-05-11 05:30:48','2023-05-11 05:30:48'),(344,35,11,0.50,'2023-05-11 05:30:48','2023-05-11 05:30:48'),(345,36,11,0.50,'2023-05-11 05:30:48','2023-05-11 05:30:48'),(346,37,11,0.50,'2023-05-11 05:30:48','2023-05-11 05:30:48'),(347,42,11,0.50,'2023-05-11 05:30:49','2023-05-11 05:30:49'),(348,46,11,0.50,'2023-05-11 05:30:49','2023-05-11 05:30:49'),(349,50,11,0.50,'2023-05-11 05:30:49','2023-05-11 05:30:49'),(350,51,11,0.50,'2023-05-11 05:30:49','2023-05-11 05:30:49'),(351,52,11,0.50,'2023-05-11 05:30:50','2023-05-11 05:30:50'),(352,54,11,0.50,'2023-05-11 05:30:50','2023-05-11 05:30:50'),(353,56,11,0.50,'2023-05-11 05:30:50','2023-05-11 05:30:50'),(354,59,11,0.50,'2023-05-11 05:30:50','2023-05-11 05:30:50'),(355,60,11,0.50,'2023-05-11 05:30:51','2023-05-11 05:30:51'),(356,64,11,0.50,'2023-05-11 05:30:51','2023-05-11 05:30:51'),(357,65,11,0.50,'2023-05-11 05:30:51','2023-05-11 05:30:51'),(358,66,11,0.50,'2023-05-11 05:30:51','2023-05-11 05:30:51'),(359,68,11,0.50,'2023-05-11 05:30:51','2023-05-11 05:30:51'),(360,69,11,0.50,'2023-05-11 05:30:52','2023-05-11 05:30:52'),(361,70,11,0.50,'2023-05-11 05:30:52','2023-05-11 05:30:52'),(362,74,11,0.50,'2023-05-11 05:30:52','2023-05-11 05:30:52'),(363,80,11,0.50,'2023-05-11 05:30:52','2023-05-11 05:30:52'),(364,88,11,0.50,'2023-05-11 05:30:53','2023-05-11 05:30:53'),(365,90,11,0.50,'2023-05-11 05:30:53','2023-05-11 05:30:53'),(366,92,11,0.50,'2023-05-11 05:30:53','2023-05-11 05:30:53'),(367,94,11,0.50,'2023-05-11 05:30:53','2023-05-11 05:30:53'),(368,95,11,0.50,'2023-05-11 05:30:54','2023-05-11 05:30:54'),(369,99,11,0.50,'2023-05-11 05:30:54','2023-05-11 05:30:54'),(370,102,11,0.50,'2023-05-11 05:30:55','2023-05-11 05:30:55'),(371,107,11,0.50,'2023-05-11 05:30:55','2023-05-11 05:30:55'),(372,117,11,0.50,'2023-05-11 05:30:55','2023-05-11 05:30:55'),(373,122,11,0.50,'2023-05-11 05:30:55','2023-05-11 05:30:55'),(374,124,11,0.50,'2023-05-11 05:30:55','2023-05-11 05:30:55'),(375,132,11,0.50,'2023-05-11 05:30:56','2023-05-11 05:30:56'),(376,134,11,0.50,'2023-05-11 05:30:56','2023-05-11 05:30:56'),(377,141,11,0.50,'2023-05-11 05:30:56','2023-05-11 05:30:56'),(378,142,11,0.50,'2023-05-11 05:30:56','2023-05-11 05:30:56'),(379,143,11,0.50,'2023-05-11 05:30:56','2023-05-11 05:30:56'),(380,146,11,0.50,'2023-05-11 05:30:57','2023-05-11 05:30:57'),(381,147,11,0.50,'2023-05-11 05:30:57','2023-05-11 05:30:57'),(382,150,11,0.50,'2023-05-11 05:30:57','2023-05-11 05:30:57'),(383,153,11,0.50,'2023-05-11 05:30:57','2023-05-11 05:30:57'),(384,154,11,0.50,'2023-05-11 05:30:58','2023-05-11 05:30:58'),(385,158,11,0.50,'2023-05-11 05:30:58','2023-05-11 05:30:58'),(386,160,11,0.50,'2023-05-11 05:30:58','2023-05-11 05:30:58'),(387,164,11,0.50,'2023-05-11 05:30:59','2023-05-11 05:30:59'),(388,165,11,0.50,'2023-05-11 05:30:59','2023-05-11 05:30:59'),(389,176,11,0.50,'2023-05-11 05:30:59','2023-05-11 05:30:59'),(390,182,11,0.50,'2023-05-11 05:30:59','2023-05-11 05:30:59'),(391,184,11,0.50,'2023-05-11 05:31:00','2023-05-11 05:31:00'),(392,186,11,0.50,'2023-05-11 05:31:00','2023-05-11 05:31:00'),(393,190,11,0.50,'2023-05-11 05:31:00','2023-05-11 05:31:00'),(394,191,11,0.50,'2023-05-11 05:31:00','2023-05-11 05:31:00'),(395,195,11,0.50,'2023-05-11 05:31:00','2023-05-11 05:31:00'),(396,199,11,0.50,'2023-05-11 05:31:01','2023-05-11 05:31:01'),(397,5,16,0.50,'2023-05-11 05:31:01','2023-05-11 05:31:01'),(398,27,16,0.50,'2023-05-11 05:31:02','2023-05-11 05:31:02'),(399,28,16,0.50,'2023-05-11 05:31:02','2023-05-11 05:31:02'),(400,52,16,0.50,'2023-05-11 05:31:02','2023-05-11 05:31:02'),(401,69,16,0.50,'2023-05-11 05:31:02','2023-05-11 05:31:02'),(402,74,16,0.50,'2023-05-11 05:31:03','2023-05-11 05:31:03'),(403,79,16,0.50,'2023-05-11 05:31:03','2023-05-11 05:31:03'),(404,97,16,0.50,'2023-05-11 05:31:03','2023-05-11 05:31:03'),(405,100,16,0.50,'2023-05-11 05:31:03','2023-05-11 05:31:03'),(406,102,16,0.50,'2023-05-11 05:31:04','2023-05-11 05:31:04'),(407,105,16,0.50,'2023-05-11 05:31:04','2023-05-11 05:31:04'),(408,111,16,0.50,'2023-05-11 05:31:04','2023-05-11 05:31:04'),(409,112,16,0.50,'2023-05-11 05:31:05','2023-05-11 05:31:05'),(410,114,16,0.50,'2023-05-11 05:31:05','2023-05-11 05:31:05'),(411,117,16,0.50,'2023-05-11 05:31:05','2023-05-11 05:31:05'),(412,121,16,0.50,'2023-05-11 05:31:05','2023-05-11 05:31:05'),(413,125,16,0.50,'2023-05-11 05:31:06','2023-05-11 05:31:06'),(414,131,16,0.50,'2023-05-11 05:31:06','2023-05-11 05:31:06'),(415,145,16,0.50,'2023-05-11 05:31:06','2023-05-11 05:31:06'),(416,153,16,0.50,'2023-05-11 05:31:06','2023-05-11 05:31:06'),(417,168,16,0.50,'2023-05-11 05:31:06','2023-05-11 05:31:06'),(418,170,16,0.50,'2023-05-11 05:31:07','2023-05-11 05:31:07'),(419,4,17,0.50,'2023-05-11 05:31:07','2023-05-11 05:31:07'),(420,6,17,0.50,'2023-05-11 05:31:07','2023-05-11 05:31:07'),(421,14,17,0.50,'2023-05-11 05:31:07','2023-05-11 05:31:07'),(422,15,17,0.50,'2023-05-11 05:31:07','2023-05-11 05:31:07'),(423,29,17,0.50,'2023-05-11 05:31:08','2023-05-11 05:31:08'),(424,36,17,0.50,'2023-05-11 05:31:08','2023-05-11 05:31:08'),(425,45,17,0.50,'2023-05-11 05:31:08','2023-05-11 05:31:08'),(426,50,17,0.50,'2023-05-11 05:31:08','2023-05-11 05:31:08'),(427,55,17,0.50,'2023-05-11 05:31:08','2023-05-11 05:31:08'),(428,66,17,0.50,'2023-05-11 05:31:09','2023-05-11 05:31:09'),(429,70,17,0.50,'2023-05-11 05:31:09','2023-05-11 05:31:09'),(430,71,17,0.50,'2023-05-11 05:31:09','2023-05-11 05:31:09'),(431,74,17,0.50,'2023-05-11 05:31:09','2023-05-11 05:31:09'),(432,76,17,0.50,'2023-05-11 05:31:09','2023-05-11 05:31:09'),(433,79,17,0.50,'2023-05-11 05:31:10','2023-05-11 05:31:10'),(434,84,17,0.50,'2023-05-11 05:31:10','2023-05-11 05:31:10'),(435,90,17,0.50,'2023-05-11 05:31:10','2023-05-11 05:31:10'),(436,107,17,0.50,'2023-05-11 05:31:10','2023-05-11 05:31:10'),(437,112,17,0.50,'2023-05-11 05:31:10','2023-05-11 05:31:10'),(438,131,17,0.50,'2023-05-11 05:31:11','2023-05-11 05:31:11'),(439,132,17,0.50,'2023-05-11 05:31:11','2023-05-11 05:31:11'),(440,134,17,0.50,'2023-05-11 05:31:11','2023-05-11 05:31:11'),(441,145,17,0.50,'2023-05-11 05:31:11','2023-05-11 05:31:11'),(442,147,17,0.50,'2023-05-11 05:31:11','2023-05-11 05:31:11'),(443,149,17,0.50,'2023-05-11 05:31:12','2023-05-11 05:31:12'),(444,153,17,0.50,'2023-05-11 05:31:12','2023-05-11 05:31:12'),(445,158,17,0.50,'2023-05-11 05:31:12','2023-05-11 05:31:12'),(446,159,17,0.50,'2023-05-11 05:31:12','2023-05-11 05:31:12'),(447,165,17,0.50,'2023-05-11 05:31:12','2023-05-11 05:31:12'),(448,168,17,0.50,'2023-05-11 05:31:12','2023-05-11 05:31:12'),(449,169,17,0.50,'2023-05-11 05:31:13','2023-05-11 05:31:13'),(450,170,17,0.50,'2023-05-11 05:31:13','2023-05-11 05:31:13'),(451,174,17,0.50,'2023-05-11 05:31:13','2023-05-11 05:31:13'),(452,176,17,0.50,'2023-05-11 05:31:13','2023-05-11 05:31:13'),(453,180,17,0.50,'2023-05-11 05:31:13','2023-05-11 05:31:13'),(454,188,17,0.50,'2023-05-11 05:31:13','2023-05-11 05:31:13'),(455,191,17,0.50,'2023-05-11 05:31:14','2023-05-11 05:31:14'),(456,197,17,0.50,'2023-05-11 05:31:14','2023-05-11 05:31:14'),(457,6,18,0.50,'2023-05-11 05:31:14','2023-05-11 05:31:14'),(458,9,18,0.50,'2023-05-11 05:31:14','2023-05-11 05:31:14'),(459,15,18,0.50,'2023-05-11 05:31:14','2023-05-11 05:31:14'),(460,19,18,0.50,'2023-05-11 05:31:15','2023-05-11 05:31:15'),(461,25,18,0.50,'2023-05-11 05:31:15','2023-05-11 05:31:15'),(462,26,18,0.50,'2023-05-11 05:31:15','2023-05-11 05:31:15'),(463,46,18,0.50,'2023-05-11 05:31:15','2023-05-11 05:31:15'),(464,50,18,0.50,'2023-05-11 05:31:15','2023-05-11 05:31:15'),(465,53,18,0.50,'2023-05-11 05:31:16','2023-05-11 05:31:16'),(466,54,18,0.50,'2023-05-11 05:31:16','2023-05-11 05:31:16'),(467,69,18,0.50,'2023-05-11 05:31:16','2023-05-11 05:31:16'),(468,73,18,0.50,'2023-05-11 05:31:16','2023-05-11 05:31:16'),(469,81,18,0.50,'2023-05-11 05:31:16','2023-05-11 05:31:16'),(470,84,18,0.50,'2023-05-11 05:31:17','2023-05-11 05:31:17'),(471,88,18,0.50,'2023-05-11 05:31:17','2023-05-11 05:31:17'),(472,89,18,0.50,'2023-05-11 05:31:17','2023-05-11 05:31:17'),(473,92,18,0.50,'2023-05-11 05:31:17','2023-05-11 05:31:17'),(474,110,18,0.50,'2023-05-11 05:31:18','2023-05-11 05:31:18'),(475,132,18,0.50,'2023-05-11 05:31:18','2023-05-11 05:31:18'),(476,139,18,0.50,'2023-05-11 05:31:18','2023-05-11 05:31:18'),(477,145,18,0.50,'2023-05-11 05:31:18','2023-05-11 05:31:18'),(478,157,18,0.50,'2023-05-11 05:31:19','2023-05-11 05:31:19'),(479,166,18,0.50,'2023-05-11 05:31:19','2023-05-11 05:31:19'),(480,167,18,0.50,'2023-05-11 05:31:19','2023-05-11 05:31:19'),(481,196,18,0.50,'2023-05-11 05:31:19','2023-05-11 05:31:19'),(482,200,18,0.50,'2023-05-11 05:31:19','2023-05-11 05:31:19'),(483,43,19,0.50,'2023-05-11 05:31:20','2023-05-11 05:31:20'),(484,4,20,0.50,'2023-05-11 05:31:20','2023-05-11 05:31:20'),(485,6,20,0.50,'2023-05-11 05:31:20','2023-05-11 05:31:20'),(486,7,20,0.50,'2023-05-11 05:31:20','2023-05-11 05:31:20'),(487,8,20,0.50,'2023-05-11 05:31:21','2023-05-11 05:31:21'),(488,14,20,0.50,'2023-05-11 05:31:21','2023-05-11 05:31:21'),(489,19,20,0.50,'2023-05-11 05:31:21','2023-05-11 05:31:21'),(490,25,20,0.50,'2023-05-11 05:31:21','2023-05-11 05:31:21'),(491,32,20,0.50,'2023-05-11 05:31:22','2023-05-11 05:31:22'),(492,35,20,0.50,'2023-05-11 05:31:22','2023-05-11 05:31:22'),(493,36,20,0.50,'2023-05-11 05:31:23','2023-05-11 05:31:23'),(494,37,20,0.50,'2023-05-11 05:31:23','2023-05-11 05:31:23'),(495,38,20,0.50,'2023-05-11 05:31:24','2023-05-11 05:31:24'),(496,39,20,0.50,'2023-05-11 05:31:24','2023-05-11 05:31:24'),(497,42,20,0.50,'2023-05-11 05:31:24','2023-05-11 05:31:24'),(498,45,20,0.50,'2023-05-11 05:31:25','2023-05-11 05:31:25'),(499,46,20,0.50,'2023-05-11 05:31:25','2023-05-11 05:31:25'),(500,50,20,0.50,'2023-05-11 05:31:25','2023-05-11 05:31:25'),(501,59,20,0.50,'2023-05-11 05:31:26','2023-05-11 05:31:26'),(502,60,20,0.50,'2023-05-11 05:31:26','2023-05-11 05:31:26'),(503,74,20,0.50,'2023-05-11 05:31:27','2023-05-11 05:31:27'),(504,75,20,0.50,'2023-05-11 05:31:27','2023-05-11 05:31:27'),(505,79,20,0.50,'2023-05-11 05:31:27','2023-05-11 05:31:27'),(506,87,20,0.50,'2023-05-11 05:31:28','2023-05-11 05:31:28'),(507,89,20,0.50,'2023-05-11 05:31:28','2023-05-11 05:31:28'),(508,95,20,0.50,'2023-05-11 05:31:28','2023-05-11 05:31:28'),(509,101,20,0.50,'2023-05-11 05:31:29','2023-05-11 05:31:29'),(510,102,20,0.50,'2023-05-11 05:31:29','2023-05-11 05:31:29'),(511,104,20,0.50,'2023-05-11 05:31:29','2023-05-11 05:31:29'),(512,106,20,0.50,'2023-05-11 05:31:30','2023-05-11 05:31:30'),(513,113,20,0.50,'2023-05-11 05:31:30','2023-05-11 05:31:30'),(514,116,20,0.50,'2023-05-11 05:31:30','2023-05-11 05:31:30'),(515,129,20,0.50,'2023-05-11 05:31:31','2023-05-11 05:31:31'),(516,137,20,0.50,'2023-05-11 05:31:31','2023-05-11 05:31:31'),(517,138,20,0.50,'2023-05-11 05:31:31','2023-05-11 05:31:31'),(518,146,20,0.50,'2023-05-11 05:31:31','2023-05-11 05:31:31'),(519,148,20,0.50,'2023-05-11 05:31:32','2023-05-11 05:31:32'),(520,149,20,0.50,'2023-05-11 05:31:32','2023-05-11 05:31:32'),(521,150,20,0.50,'2023-05-11 05:31:32','2023-05-11 05:31:32'),(522,153,20,0.50,'2023-05-11 05:31:32','2023-05-11 05:31:32'),(523,154,20,0.50,'2023-05-11 05:31:32','2023-05-11 05:31:32'),(524,156,20,0.50,'2023-05-11 05:31:33','2023-05-11 05:31:33'),(525,160,20,0.50,'2023-05-11 05:31:33','2023-05-11 05:31:33'),(526,161,20,0.50,'2023-05-11 05:31:33','2023-05-11 05:31:33'),(527,163,20,0.50,'2023-05-11 05:31:33','2023-05-11 05:31:33'),(528,165,20,0.50,'2023-05-11 05:31:33','2023-05-11 05:31:33'),(529,172,20,0.50,'2023-05-11 05:31:34','2023-05-11 05:31:34'),(530,173,20,0.50,'2023-05-11 05:31:34','2023-05-11 05:31:34'),(531,175,20,0.50,'2023-05-11 05:31:34','2023-05-11 05:31:34'),(532,177,20,0.50,'2023-05-11 05:31:34','2023-05-11 05:31:34'),(533,180,20,0.50,'2023-05-11 05:31:34','2023-05-11 05:31:34'),(534,181,20,0.50,'2023-05-11 05:31:35','2023-05-11 05:31:35'),(535,182,20,0.50,'2023-05-11 05:31:35','2023-05-11 05:31:35'),(536,184,20,0.50,'2023-05-11 05:31:35','2023-05-11 05:31:35'),(537,185,20,0.50,'2023-05-11 05:31:35','2023-05-11 05:31:35'),(538,186,20,0.50,'2023-05-11 05:31:35','2023-05-11 05:31:35'),(539,193,20,0.50,'2023-05-11 05:31:36','2023-05-11 05:31:36'),(540,1,21,0.50,'2023-05-11 05:31:36','2023-05-11 05:31:36'),(541,2,21,0.50,'2023-05-11 05:31:36','2023-05-11 05:31:36'),(542,5,21,0.50,'2023-05-11 05:31:37','2023-05-11 05:31:37'),(543,7,21,0.50,'2023-05-11 05:31:37','2023-05-11 05:31:37'),(544,15,21,0.50,'2023-05-11 05:31:37','2023-05-11 05:31:37'),(545,22,21,0.50,'2023-05-11 05:31:37','2023-05-11 05:31:37'),(546,32,21,0.50,'2023-05-11 05:31:37','2023-05-11 05:31:37'),(547,45,21,0.50,'2023-05-11 05:31:38','2023-05-11 05:31:38'),(548,50,21,0.50,'2023-05-11 05:31:38','2023-05-11 05:31:38'),(549,62,21,0.50,'2023-05-11 05:31:38','2023-05-11 05:31:38'),(550,64,21,0.50,'2023-05-11 05:31:38','2023-05-11 05:31:38'),(551,66,21,0.50,'2023-05-11 05:31:38','2023-05-11 05:31:38'),(552,69,21,0.50,'2023-05-11 05:31:39','2023-05-11 05:31:39'),(553,73,21,0.50,'2023-05-11 05:31:39','2023-05-11 05:31:39'),(554,76,21,0.50,'2023-05-11 05:31:39','2023-05-11 05:31:39'),(555,78,21,0.50,'2023-05-11 05:31:39','2023-05-11 05:31:39'),(556,92,21,0.50,'2023-05-11 05:31:40','2023-05-11 05:31:40'),(557,108,21,0.50,'2023-05-11 05:31:40','2023-05-11 05:31:40'),(558,126,21,0.50,'2023-05-11 05:31:40','2023-05-11 05:31:40'),(559,132,21,0.50,'2023-05-11 05:31:40','2023-05-11 05:31:40'),(560,138,21,0.50,'2023-05-11 05:31:40','2023-05-11 05:31:40'),(561,149,21,0.50,'2023-05-11 05:31:41','2023-05-11 05:31:41'),(562,151,21,0.50,'2023-05-11 05:31:41','2023-05-11 05:31:41'),(563,163,21,0.50,'2023-05-11 05:31:41','2023-05-11 05:31:41'),(564,165,21,0.50,'2023-05-11 05:31:41','2023-05-11 05:31:41'),(565,168,21,0.50,'2023-05-11 05:31:41','2023-05-11 05:31:41'),(566,183,21,0.50,'2023-05-11 05:31:42','2023-05-11 05:31:42'),(567,189,21,0.50,'2023-05-11 05:31:42','2023-05-11 05:31:42'),(568,190,21,0.50,'2023-05-11 05:31:42','2023-05-11 05:31:42'),(569,193,21,0.50,'2023-05-11 05:31:42','2023-05-11 05:31:42'),(570,196,21,0.50,'2023-05-11 05:31:42','2023-05-11 05:31:42'),(571,197,21,0.50,'2023-05-11 05:31:42','2023-05-11 05:31:42'),(572,1,22,0.50,'2023-05-11 05:31:43','2023-05-11 05:31:43'),(573,4,22,0.50,'2023-05-11 05:31:43','2023-05-11 05:31:43'),(574,5,22,0.50,'2023-05-11 05:31:43','2023-05-11 05:31:43'),(575,7,22,0.50,'2023-05-11 05:31:43','2023-05-11 05:31:43'),(576,9,22,0.50,'2023-05-11 05:31:43','2023-05-11 05:31:43'),(577,16,22,0.50,'2023-05-11 05:31:44','2023-05-11 05:31:44'),(578,19,22,0.50,'2023-05-11 05:31:44','2023-05-11 05:31:44'),(579,28,22,0.50,'2023-05-11 05:31:44','2023-05-11 05:31:44'),(580,48,22,0.50,'2023-05-11 05:31:45','2023-05-11 05:31:45'),(581,51,22,0.50,'2023-05-11 05:31:45','2023-05-11 05:31:45'),(582,53,22,0.50,'2023-05-11 05:31:46','2023-05-11 05:31:46'),(583,58,22,0.50,'2023-05-11 05:31:46','2023-05-11 05:31:46'),(584,84,22,0.50,'2023-05-11 05:31:46','2023-05-11 05:31:46'),(585,87,22,0.50,'2023-05-11 05:31:46','2023-05-11 05:31:46'),(586,91,22,0.50,'2023-05-11 05:31:46','2023-05-11 05:31:46'),(587,99,22,0.50,'2023-05-11 05:31:46','2023-05-11 05:31:46'),(588,100,22,0.50,'2023-05-11 05:31:47','2023-05-11 05:31:47'),(589,102,22,0.50,'2023-05-11 05:31:47','2023-05-11 05:31:47'),(590,105,22,0.50,'2023-05-11 05:31:47','2023-05-11 05:31:47'),(591,113,22,0.50,'2023-05-11 05:31:48','2023-05-11 05:31:48'),(592,124,22,0.50,'2023-05-11 05:31:48','2023-05-11 05:31:48'),(593,127,22,0.50,'2023-05-11 05:31:48','2023-05-11 05:31:48'),(594,130,22,0.50,'2023-05-11 05:31:48','2023-05-11 05:31:48'),(595,132,22,0.50,'2023-05-11 05:31:48','2023-05-11 05:31:48'),(596,137,22,0.50,'2023-05-11 05:31:48','2023-05-11 05:31:48'),(597,142,22,0.50,'2023-05-11 05:31:48','2023-05-11 05:31:48'),(598,144,22,0.50,'2023-05-11 05:31:49','2023-05-11 05:31:49'),(599,145,22,0.50,'2023-05-11 05:31:49','2023-05-11 05:31:49'),(600,150,22,0.50,'2023-05-11 05:31:49','2023-05-11 05:31:49'),(601,152,22,0.50,'2023-05-11 05:31:49','2023-05-11 05:31:49'),(602,171,22,0.50,'2023-05-11 05:31:49','2023-05-11 05:31:49'),(603,182,22,0.50,'2023-05-11 05:31:50','2023-05-11 05:31:50'),(604,183,22,0.50,'2023-05-11 05:31:50','2023-05-11 05:31:50'),(605,184,22,0.50,'2023-05-11 05:31:50','2023-05-11 05:31:50'),(606,190,22,0.50,'2023-05-11 05:31:50','2023-05-11 05:31:50'),(607,191,22,0.50,'2023-05-11 05:31:50','2023-05-11 05:31:50'),(608,196,22,0.50,'2023-05-11 05:31:51','2023-05-11 05:31:51'),(609,5,23,0.50,'2023-05-11 05:31:51','2023-05-11 05:31:51'),(610,7,23,0.50,'2023-05-11 05:31:51','2023-05-11 05:31:51'),(611,10,23,0.50,'2023-05-11 05:31:51','2023-05-11 05:31:51'),(612,11,23,0.50,'2023-05-11 05:31:51','2023-05-11 05:31:51'),(613,14,23,0.50,'2023-05-11 05:31:52','2023-05-11 05:31:52'),(614,16,23,0.50,'2023-05-11 05:31:52','2023-05-11 05:31:52'),(615,17,23,0.50,'2023-05-11 05:31:52','2023-05-11 05:31:52'),(616,18,23,0.50,'2023-05-11 05:31:52','2023-05-11 05:31:52'),(617,21,23,0.50,'2023-05-11 05:31:52','2023-05-11 05:31:52'),(618,22,23,0.50,'2023-05-11 05:31:52','2023-05-11 05:31:52'),(619,25,23,0.50,'2023-05-11 05:31:53','2023-05-11 05:31:53'),(620,26,23,0.50,'2023-05-11 05:31:53','2023-05-11 05:31:53'),(621,33,23,0.50,'2023-05-11 05:31:53','2023-05-11 05:31:53'),(622,36,23,0.50,'2023-05-11 05:31:53','2023-05-11 05:31:53'),(623,37,23,0.50,'2023-05-11 05:31:53','2023-05-11 05:31:53'),(624,41,23,0.50,'2023-05-11 05:31:54','2023-05-11 05:31:54'),(625,43,23,0.50,'2023-05-11 05:31:54','2023-05-11 05:31:54'),(626,49,23,0.50,'2023-05-11 05:31:54','2023-05-11 05:31:54'),(627,50,23,0.50,'2023-05-11 05:31:54','2023-05-11 05:31:54'),(628,51,23,0.50,'2023-05-11 05:31:55','2023-05-11 05:31:55'),(629,53,23,0.50,'2023-05-11 05:31:55','2023-05-11 05:31:55'),(630,61,23,0.50,'2023-05-11 05:31:55','2023-05-11 05:31:55'),(631,64,23,0.50,'2023-05-11 05:31:55','2023-05-11 05:31:55'),(632,66,23,0.50,'2023-05-11 05:31:55','2023-05-11 05:31:55'),(633,67,23,0.50,'2023-05-11 05:31:56','2023-05-11 05:31:56'),(634,69,23,0.50,'2023-05-11 05:31:56','2023-05-11 05:31:56'),(635,70,23,0.50,'2023-05-11 05:31:56','2023-05-11 05:31:56'),(636,71,23,0.50,'2023-05-11 05:31:57','2023-05-11 05:31:57'),(637,72,23,0.50,'2023-05-11 05:31:57','2023-05-11 05:31:57'),(638,73,23,0.50,'2023-05-11 05:31:57','2023-05-11 05:31:57'),(639,80,23,0.50,'2023-05-11 05:31:57','2023-05-11 05:31:57'),(640,82,23,0.50,'2023-05-11 05:31:57','2023-05-11 05:31:57'),(641,84,23,0.50,'2023-05-11 05:31:58','2023-05-11 05:31:58'),(642,86,23,0.50,'2023-05-11 05:31:58','2023-05-11 05:31:58'),(643,88,23,0.50,'2023-05-11 05:31:58','2023-05-11 05:31:58'),(644,92,23,0.50,'2023-05-11 05:31:58','2023-05-11 05:31:58'),(645,93,23,0.50,'2023-05-11 05:31:58','2023-05-11 05:31:58'),(646,94,23,0.50,'2023-05-11 05:31:59','2023-05-11 05:31:59'),(647,96,23,0.50,'2023-05-11 05:31:59','2023-05-11 05:31:59'),(648,98,23,0.50,'2023-05-11 05:31:59','2023-05-11 05:31:59'),(649,99,23,0.50,'2023-05-11 05:31:59','2023-05-11 05:31:59'),(650,105,23,0.50,'2023-05-11 05:32:00','2023-05-11 05:32:00'),(651,106,23,0.50,'2023-05-11 05:32:00','2023-05-11 05:32:00'),(652,113,23,0.50,'2023-05-11 05:32:00','2023-05-11 05:32:00'),(653,115,23,0.50,'2023-05-11 05:32:00','2023-05-11 05:32:00'),(654,121,23,0.50,'2023-05-11 05:32:00','2023-05-11 05:32:00'),(655,128,23,0.50,'2023-05-11 05:32:01','2023-05-11 05:32:01'),(656,135,23,0.50,'2023-05-11 05:32:01','2023-05-11 05:32:01'),(657,137,23,0.50,'2023-05-11 05:32:01','2023-05-11 05:32:01'),(658,143,23,0.50,'2023-05-11 05:32:01','2023-05-11 05:32:01'),(659,144,23,0.50,'2023-05-11 05:32:01','2023-05-11 05:32:01'),(660,146,23,0.50,'2023-05-11 05:32:01','2023-05-11 05:32:01'),(661,147,23,0.50,'2023-05-11 05:32:02','2023-05-11 05:32:02'),(662,149,23,0.50,'2023-05-11 05:32:02','2023-05-11 05:32:02'),(663,152,23,0.50,'2023-05-11 05:32:02','2023-05-11 05:32:02'),(664,154,23,0.50,'2023-05-11 05:32:02','2023-05-11 05:32:02'),(665,158,23,0.50,'2023-05-11 05:32:02','2023-05-11 05:32:02'),(666,159,23,0.50,'2023-05-11 05:32:03','2023-05-11 05:32:03'),(667,160,23,0.50,'2023-05-11 05:32:03','2023-05-11 05:32:03'),(668,163,23,0.50,'2023-05-11 05:32:03','2023-05-11 05:32:03'),(669,165,23,0.50,'2023-05-11 05:32:03','2023-05-11 05:32:03'),(670,166,23,0.50,'2023-05-11 05:32:04','2023-05-11 05:32:04'),(671,167,23,0.50,'2023-05-11 05:32:04','2023-05-11 05:32:04'),(672,178,23,0.50,'2023-05-11 05:32:04','2023-05-11 05:32:04'),(673,179,23,0.50,'2023-05-11 05:32:05','2023-05-11 05:32:05'),(674,180,23,0.50,'2023-05-11 05:32:05','2023-05-11 05:32:05'),(675,182,23,0.50,'2023-05-11 05:32:05','2023-05-11 05:32:05'),(676,184,23,0.50,'2023-05-11 05:32:05','2023-05-11 05:32:05'),(677,198,23,0.50,'2023-05-11 05:32:05','2023-05-11 05:32:05'),(678,199,23,0.50,'2023-05-11 05:32:06','2023-05-11 05:32:06'),(679,14,24,0.50,'2023-05-11 05:32:06','2023-05-11 05:32:06'),(680,29,24,0.50,'2023-05-11 05:32:06','2023-05-11 05:32:06'),(681,94,24,0.50,'2023-05-11 05:32:06','2023-05-11 05:32:06'),(682,111,24,0.50,'2023-05-11 05:32:06','2023-05-11 05:32:06'),(683,3,25,0.50,'2023-05-11 05:32:07','2023-05-11 05:32:07'),(684,6,25,0.50,'2023-05-11 05:32:08','2023-05-11 05:32:08'),(685,7,25,0.50,'2023-05-11 05:32:08','2023-05-11 05:32:08'),(686,13,25,0.50,'2023-05-11 05:32:08','2023-05-11 05:32:08'),(687,16,25,0.50,'2023-05-11 05:32:08','2023-05-11 05:32:08'),(688,23,25,0.50,'2023-05-11 05:32:09','2023-05-11 05:32:09'),(689,29,25,0.50,'2023-05-11 05:32:09','2023-05-11 05:32:09'),(690,35,25,0.50,'2023-05-11 05:32:09','2023-05-11 05:32:09'),(691,39,25,0.50,'2023-05-11 05:32:09','2023-05-11 05:32:09'),(692,45,25,0.50,'2023-05-11 05:32:09','2023-05-11 05:32:09'),(693,48,25,0.50,'2023-05-11 05:32:10','2023-05-11 05:32:10'),(694,50,25,0.50,'2023-05-11 05:32:10','2023-05-11 05:32:10'),(695,53,25,0.50,'2023-05-11 05:32:10','2023-05-11 05:32:10'),(696,59,25,0.50,'2023-05-11 05:32:10','2023-05-11 05:32:10'),(697,61,25,0.50,'2023-05-11 05:32:11','2023-05-11 05:32:11'),(698,66,25,0.50,'2023-05-11 05:32:11','2023-05-11 05:32:11'),(699,67,25,0.50,'2023-05-11 05:32:11','2023-05-11 05:32:11'),(700,68,25,0.50,'2023-05-11 05:32:11','2023-05-11 05:32:11'),(701,69,25,0.50,'2023-05-11 05:32:11','2023-05-11 05:32:11'),(702,74,25,0.50,'2023-05-11 05:32:12','2023-05-11 05:32:12'),(703,78,25,0.50,'2023-05-11 05:32:12','2023-05-11 05:32:12'),(704,80,25,0.50,'2023-05-11 05:32:12','2023-05-11 05:32:12'),(705,86,25,0.50,'2023-05-11 05:32:12','2023-05-11 05:32:12'),(706,87,25,0.50,'2023-05-11 05:32:13','2023-05-11 05:32:13'),(707,88,25,0.50,'2023-05-11 05:32:13','2023-05-11 05:32:13'),(708,92,25,0.50,'2023-05-11 05:32:13','2023-05-11 05:32:13'),(709,93,25,0.50,'2023-05-11 05:32:13','2023-05-11 05:32:13'),(710,95,25,0.50,'2023-05-11 05:32:13','2023-05-11 05:32:13'),(711,99,25,0.50,'2023-05-11 05:32:14','2023-05-11 05:32:14'),(712,100,25,0.50,'2023-05-11 05:32:14','2023-05-11 05:32:14'),(713,104,25,0.50,'2023-05-11 05:32:14','2023-05-11 05:32:14'),(714,107,25,0.50,'2023-05-11 05:32:15','2023-05-11 05:32:15'),(715,109,25,0.50,'2023-05-11 05:32:15','2023-05-11 05:32:15'),(716,114,25,0.50,'2023-05-11 05:32:15','2023-05-11 05:32:15'),(717,117,25,0.50,'2023-05-11 05:32:16','2023-05-11 05:32:16'),(718,118,25,0.50,'2023-05-11 05:32:16','2023-05-11 05:32:16'),(719,121,25,0.50,'2023-05-11 05:32:16','2023-05-11 05:32:16'),(720,124,25,0.50,'2023-05-11 05:32:17','2023-05-11 05:32:17'),(721,125,25,0.50,'2023-05-11 05:32:17','2023-05-11 05:32:17'),(722,126,25,0.50,'2023-05-11 05:32:17','2023-05-11 05:32:17'),(723,130,25,0.50,'2023-05-11 05:32:17','2023-05-11 05:32:17'),(724,142,25,0.50,'2023-05-11 05:32:18','2023-05-11 05:32:18'),(725,146,25,0.50,'2023-05-11 05:32:18','2023-05-11 05:32:18'),(726,147,25,0.50,'2023-05-11 05:32:19','2023-05-11 05:32:19'),(727,149,25,0.50,'2023-05-11 05:32:19','2023-05-11 05:32:19'),(728,151,25,0.50,'2023-05-11 05:32:19','2023-05-11 05:32:19'),(729,156,25,0.50,'2023-05-11 05:32:19','2023-05-11 05:32:19'),(730,159,25,0.50,'2023-05-11 05:32:20','2023-05-11 05:32:20'),(731,161,25,0.50,'2023-05-11 05:32:20','2023-05-11 05:32:20'),(732,163,25,0.50,'2023-05-11 05:32:20','2023-05-11 05:32:20'),(733,166,25,0.50,'2023-05-11 05:32:20','2023-05-11 05:32:20'),(734,168,25,0.50,'2023-05-11 05:32:21','2023-05-11 05:32:21'),(735,169,25,0.50,'2023-05-11 05:32:21','2023-05-11 05:32:21'),(736,172,25,0.50,'2023-05-11 05:32:21','2023-05-11 05:32:21'),(737,176,25,0.50,'2023-05-11 05:32:21','2023-05-11 05:32:21'),(738,184,25,0.50,'2023-05-11 05:32:22','2023-05-11 05:32:22'),(739,196,25,0.50,'2023-05-11 05:32:22','2023-05-11 05:32:22'),(740,199,25,0.50,'2023-05-11 05:32:22','2023-05-11 05:32:22'),(741,200,25,0.50,'2023-05-11 05:32:22','2023-05-11 05:32:22'),(742,1,27,0.50,'2023-05-11 05:32:23','2023-05-11 05:32:23'),(743,2,27,0.50,'2023-05-11 05:32:23','2023-05-11 05:32:23'),(744,7,27,0.50,'2023-05-11 05:32:23','2023-05-11 05:32:23'),(745,12,27,0.50,'2023-05-11 05:32:23','2023-05-11 05:32:23'),(746,16,27,0.50,'2023-05-11 05:32:23','2023-05-11 05:32:23'),(747,17,27,0.50,'2023-05-11 05:32:24','2023-05-11 05:32:24'),(748,18,27,0.50,'2023-05-11 05:32:24','2023-05-11 05:32:24'),(749,25,27,0.50,'2023-05-11 05:32:24','2023-05-11 05:32:24'),(750,26,27,0.50,'2023-05-11 05:32:24','2023-05-11 05:32:24'),(751,28,27,0.50,'2023-05-11 05:32:25','2023-05-11 05:32:25'),(752,30,27,0.50,'2023-05-11 05:32:25','2023-05-11 05:32:25'),(753,32,27,0.50,'2023-05-11 05:32:25','2023-05-11 05:32:25'),(754,34,27,0.50,'2023-05-11 05:32:26','2023-05-11 05:32:26'),(755,37,27,0.50,'2023-05-11 05:32:26','2023-05-11 05:32:26'),(756,38,27,0.50,'2023-05-11 05:32:26','2023-05-11 05:32:26'),(757,41,27,0.50,'2023-05-11 05:32:27','2023-05-11 05:32:27'),(758,42,27,0.50,'2023-05-11 05:32:27','2023-05-11 05:32:27'),(759,46,27,0.50,'2023-05-11 05:32:28','2023-05-11 05:32:28'),(760,52,27,0.50,'2023-05-11 05:32:28','2023-05-11 05:32:28'),(761,56,27,0.50,'2023-05-11 05:32:28','2023-05-11 05:32:28'),(762,58,27,0.50,'2023-05-11 05:32:28','2023-05-11 05:32:28'),(763,60,27,0.50,'2023-05-11 05:32:28','2023-05-11 05:32:28'),(764,63,27,0.50,'2023-05-11 05:32:29','2023-05-11 05:32:29'),(765,65,27,0.50,'2023-05-11 05:32:29','2023-05-11 05:32:29'),(766,69,27,0.50,'2023-05-11 05:32:29','2023-05-11 05:32:29'),(767,70,27,0.50,'2023-05-11 05:32:29','2023-05-11 05:32:29'),(768,74,27,0.50,'2023-05-11 05:32:30','2023-05-11 05:32:30'),(769,75,27,0.50,'2023-05-11 05:32:30','2023-05-11 05:32:30'),(770,76,27,0.50,'2023-05-11 05:32:30','2023-05-11 05:32:30'),(771,78,27,0.50,'2023-05-11 05:32:30','2023-05-11 05:32:30'),(772,87,27,0.50,'2023-05-11 05:32:31','2023-05-11 05:32:31'),(773,88,27,0.50,'2023-05-11 05:32:31','2023-05-11 05:32:31'),(774,89,27,0.50,'2023-05-11 05:32:31','2023-05-11 05:32:31'),(775,90,27,0.50,'2023-05-11 05:32:31','2023-05-11 05:32:31'),(776,94,27,0.50,'2023-05-11 05:32:32','2023-05-11 05:32:32'),(777,105,27,0.50,'2023-05-11 05:32:32','2023-05-11 05:32:32'),(778,106,27,0.50,'2023-05-11 05:32:32','2023-05-11 05:32:32'),(779,111,27,0.50,'2023-05-11 05:32:32','2023-05-11 05:32:32'),(780,113,27,0.50,'2023-05-11 05:32:32','2023-05-11 05:32:32'),(781,114,27,0.50,'2023-05-11 05:32:33','2023-05-11 05:32:33'),(782,119,27,0.50,'2023-05-11 05:32:33','2023-05-11 05:32:33'),(783,121,27,0.50,'2023-05-11 05:32:33','2023-05-11 05:32:33'),(784,123,27,0.50,'2023-05-11 05:32:33','2023-05-11 05:32:33'),(785,125,27,0.50,'2023-05-11 05:32:34','2023-05-11 05:32:34'),(786,129,27,0.50,'2023-05-11 05:32:34','2023-05-11 05:32:34'),(787,134,27,0.50,'2023-05-11 05:32:34','2023-05-11 05:32:34'),(788,141,27,0.50,'2023-05-11 05:32:34','2023-05-11 05:32:34'),(789,142,27,0.50,'2023-05-11 05:32:34','2023-05-11 05:32:34'),(790,143,27,0.50,'2023-05-11 05:32:35','2023-05-11 05:32:35'),(791,148,27,0.50,'2023-05-11 05:32:35','2023-05-11 05:32:35'),(792,151,27,0.50,'2023-05-11 05:32:35','2023-05-11 05:32:35'),(793,160,27,0.50,'2023-05-11 05:32:36','2023-05-11 05:32:36'),(794,161,27,0.50,'2023-05-11 05:32:36','2023-05-11 05:32:36'),(795,164,27,0.50,'2023-05-11 05:32:36','2023-05-11 05:32:36'),(796,166,27,0.50,'2023-05-11 05:32:37','2023-05-11 05:32:37'),(797,170,27,0.50,'2023-05-11 05:32:37','2023-05-11 05:32:37'),(798,173,27,0.50,'2023-05-11 05:32:37','2023-05-11 05:32:37'),(799,175,27,0.50,'2023-05-11 05:32:38','2023-05-11 05:32:38'),(800,185,27,0.50,'2023-05-11 05:32:38','2023-05-11 05:32:38'),(801,187,27,0.50,'2023-05-11 05:32:38','2023-05-11 05:32:38'),(802,190,27,0.50,'2023-05-11 05:32:38','2023-05-11 05:32:38'),(803,195,27,0.50,'2023-05-11 05:32:39','2023-05-11 05:32:39'),(804,196,27,0.50,'2023-05-11 05:32:39','2023-05-11 05:32:39'),(805,197,27,0.50,'2023-05-11 05:32:39','2023-05-11 05:32:39'),(806,200,27,0.50,'2023-05-11 05:32:40','2023-05-11 05:32:40'),(807,5,28,0.50,'2023-05-11 05:32:40','2023-05-11 05:32:40'),(808,10,28,0.50,'2023-05-11 05:32:40','2023-05-11 05:32:40'),(809,35,28,0.50,'2023-05-11 05:32:40','2023-05-11 05:32:40'),(810,39,28,0.50,'2023-05-11 05:32:41','2023-05-11 05:32:41'),(811,52,28,0.50,'2023-05-11 05:32:42','2023-05-11 05:32:42'),(812,54,28,0.50,'2023-05-11 05:32:43','2023-05-11 05:32:43'),(813,56,28,0.50,'2023-05-11 05:32:43','2023-05-11 05:32:43'),(814,76,28,0.50,'2023-05-11 05:32:43','2023-05-11 05:32:43'),(815,80,28,0.50,'2023-05-11 05:32:44','2023-05-11 05:32:44'),(816,93,28,0.50,'2023-05-11 05:32:44','2023-05-11 05:32:44'),(817,116,28,0.50,'2023-05-11 05:32:44','2023-05-11 05:32:44'),(818,131,28,0.50,'2023-05-11 05:32:44','2023-05-11 05:32:44'),(819,138,28,0.50,'2023-05-11 05:32:44','2023-05-11 05:32:44'),(820,160,28,0.50,'2023-05-11 05:32:45','2023-05-11 05:32:45'),(821,168,28,0.50,'2023-05-11 05:32:45','2023-05-11 05:32:45'),(822,2,30,0.50,'2023-05-11 05:32:45','2023-05-11 05:32:45'),(823,3,30,0.50,'2023-05-11 05:32:46','2023-05-11 05:32:46'),(824,5,30,0.50,'2023-05-11 05:32:46','2023-05-11 05:32:46'),(825,6,30,0.50,'2023-05-11 05:32:46','2023-05-11 05:32:46'),(826,10,30,0.50,'2023-05-11 05:32:46','2023-05-11 05:32:46'),(827,11,30,0.50,'2023-05-11 05:32:46','2023-05-11 05:32:46'),(828,21,30,0.50,'2023-05-11 05:32:47','2023-05-11 05:32:47'),(829,22,30,0.50,'2023-05-11 05:32:47','2023-05-11 05:32:47'),(830,23,30,0.50,'2023-05-11 05:32:47','2023-05-11 05:32:47'),(831,26,30,0.50,'2023-05-11 05:32:47','2023-05-11 05:32:47'),(832,30,30,0.50,'2023-05-11 05:32:48','2023-05-11 05:32:48'),(833,36,30,0.50,'2023-05-11 05:32:48','2023-05-11 05:32:48'),(834,48,30,0.50,'2023-05-11 05:32:48','2023-05-11 05:32:48'),(835,53,30,0.50,'2023-05-11 05:32:48','2023-05-11 05:32:48'),(836,56,30,0.50,'2023-05-11 05:32:49','2023-05-11 05:32:49'),(837,58,30,0.50,'2023-05-11 05:32:49','2023-05-11 05:32:49'),(838,59,30,0.50,'2023-05-11 05:32:49','2023-05-11 05:32:49'),(839,61,30,0.50,'2023-05-11 05:32:49','2023-05-11 05:32:49'),(840,64,30,0.50,'2023-05-11 05:32:49','2023-05-11 05:32:49'),(841,70,30,0.50,'2023-05-11 05:32:50','2023-05-11 05:32:50'),(842,72,30,0.50,'2023-05-11 05:32:50','2023-05-11 05:32:50'),(843,73,30,0.50,'2023-05-11 05:32:50','2023-05-11 05:32:50'),(844,74,30,0.50,'2023-05-11 05:32:50','2023-05-11 05:32:50'),(845,75,30,0.50,'2023-05-11 05:32:50','2023-05-11 05:32:50'),(846,78,30,0.50,'2023-05-11 05:32:50','2023-05-11 05:32:50'),(847,80,30,0.50,'2023-05-11 05:32:51','2023-05-11 05:32:51'),(848,86,30,0.50,'2023-05-11 05:32:51','2023-05-11 05:32:51'),(849,88,30,0.50,'2023-05-11 05:32:51','2023-05-11 05:32:51'),(850,93,30,0.50,'2023-05-11 05:32:51','2023-05-11 05:32:51'),(851,96,30,0.50,'2023-05-11 05:32:51','2023-05-11 05:32:51'),(852,97,30,0.50,'2023-05-11 05:32:52','2023-05-11 05:32:52'),(853,110,30,0.50,'2023-05-11 05:32:52','2023-05-11 05:32:52'),(854,117,30,0.50,'2023-05-11 05:32:52','2023-05-11 05:32:52'),(855,119,30,0.50,'2023-05-11 05:32:52','2023-05-11 05:32:52'),(856,122,30,0.50,'2023-05-11 05:32:53','2023-05-11 05:32:53'),(857,126,30,0.50,'2023-05-11 05:32:53','2023-05-11 05:32:53'),(858,130,30,0.50,'2023-05-11 05:32:54','2023-05-11 05:32:54'),(859,131,30,0.50,'2023-05-11 05:32:54','2023-05-11 05:32:54'),(860,134,30,0.50,'2023-05-11 05:32:54','2023-05-11 05:32:54'),(861,135,30,0.50,'2023-05-11 05:32:54','2023-05-11 05:32:54'),(862,137,30,0.50,'2023-05-11 05:32:54','2023-05-11 05:32:54'),(863,138,30,0.50,'2023-05-11 05:32:55','2023-05-11 05:32:55'),(864,141,30,0.50,'2023-05-11 05:32:55','2023-05-11 05:32:55'),(865,143,30,0.50,'2023-05-11 05:32:55','2023-05-11 05:32:55'),(866,145,30,0.50,'2023-05-11 05:32:55','2023-05-11 05:32:55'),(867,154,30,0.50,'2023-05-11 05:32:56','2023-05-11 05:32:56'),(868,156,30,0.50,'2023-05-11 05:32:56','2023-05-11 05:32:56'),(869,162,30,0.50,'2023-05-11 05:32:56','2023-05-11 05:32:56'),(870,166,30,0.50,'2023-05-11 05:32:56','2023-05-11 05:32:56'),(871,169,30,0.50,'2023-05-11 05:32:57','2023-05-11 05:32:57'),(872,176,30,0.50,'2023-05-11 05:32:57','2023-05-11 05:32:57'),(873,178,30,0.50,'2023-05-11 05:32:57','2023-05-11 05:32:57'),(874,185,30,0.50,'2023-05-11 05:32:58','2023-05-11 05:32:58'),(875,193,30,0.50,'2023-05-11 05:32:58','2023-05-11 05:32:58'),(876,196,30,0.50,'2023-05-11 05:32:58','2023-05-11 05:32:58'),(877,197,30,0.50,'2023-05-11 05:32:59','2023-05-11 05:32:59'),(878,198,30,0.50,'2023-05-11 05:32:59','2023-05-11 05:32:59'),(879,4,31,0.50,'2023-05-11 05:32:59','2023-05-11 05:32:59'),(880,7,31,0.50,'2023-05-11 05:33:00','2023-05-11 05:33:00'),(881,13,31,0.50,'2023-05-11 05:33:00','2023-05-11 05:33:00'),(882,14,31,0.50,'2023-05-11 05:33:00','2023-05-11 05:33:00'),(883,15,31,0.50,'2023-05-11 05:33:00','2023-05-11 05:33:00'),(884,18,31,0.50,'2023-05-11 05:33:01','2023-05-11 05:33:01'),(885,19,31,0.50,'2023-05-11 05:33:01','2023-05-11 05:33:01'),(886,21,31,0.50,'2023-05-11 05:33:01','2023-05-11 05:33:01'),(887,25,31,0.50,'2023-05-11 05:33:02','2023-05-11 05:33:02'),(888,26,31,0.50,'2023-05-11 05:33:02','2023-05-11 05:33:02'),(889,27,31,0.50,'2023-05-11 05:33:02','2023-05-11 05:33:02'),(890,29,31,0.50,'2023-05-11 05:33:02','2023-05-11 05:33:02'),(891,31,31,0.50,'2023-05-11 05:33:03','2023-05-11 05:33:03'),(892,33,31,0.50,'2023-05-11 05:33:03','2023-05-11 05:33:03'),(893,34,31,0.50,'2023-05-11 05:33:05','2023-05-11 05:33:05'),(894,36,31,0.50,'2023-05-11 05:33:06','2023-05-11 05:33:06'),(895,46,31,0.50,'2023-05-11 05:33:07','2023-05-11 05:33:07'),(896,49,31,0.50,'2023-05-11 05:33:08','2023-05-11 05:33:08'),(897,54,31,0.50,'2023-05-11 05:33:08','2023-05-11 05:33:08'),(898,55,31,0.50,'2023-05-11 05:33:09','2023-05-11 05:33:09'),(899,57,31,0.50,'2023-05-11 05:33:09','2023-05-11 05:33:09'),(900,64,31,0.50,'2023-05-11 05:33:10','2023-05-11 05:33:10'),(901,68,31,0.50,'2023-05-11 05:33:10','2023-05-11 05:33:10'),(902,70,31,0.50,'2023-05-11 05:33:11','2023-05-11 05:33:11'),(903,73,31,0.50,'2023-05-11 05:33:11','2023-05-11 05:33:11'),(904,77,31,0.50,'2023-05-11 05:33:11','2023-05-11 05:33:11'),(905,80,31,0.50,'2023-05-11 05:33:12','2023-05-11 05:33:12'),(906,82,31,0.50,'2023-05-11 05:33:12','2023-05-11 05:33:12'),(907,86,31,0.50,'2023-05-11 05:33:13','2023-05-11 05:33:13'),(908,90,31,0.50,'2023-05-11 05:33:13','2023-05-11 05:33:13'),(909,96,31,0.50,'2023-05-11 05:33:13','2023-05-11 05:33:13'),(910,100,31,0.50,'2023-05-11 05:33:14','2023-05-11 05:33:14'),(911,109,31,0.50,'2023-05-11 05:33:14','2023-05-11 05:33:14'),(912,112,31,0.50,'2023-05-11 05:33:15','2023-05-11 05:33:15'),(913,116,31,0.50,'2023-05-11 05:33:15','2023-05-11 05:33:15'),(914,118,31,0.50,'2023-05-11 05:33:16','2023-05-11 05:33:16'),(915,119,31,0.50,'2023-05-11 05:33:17','2023-05-11 05:33:17'),(916,122,31,0.50,'2023-05-11 05:33:17','2023-05-11 05:33:17'),(917,126,31,0.50,'2023-05-11 05:33:18','2023-05-11 05:33:18'),(918,131,31,0.50,'2023-05-11 05:33:18','2023-05-11 05:33:18'),(919,135,31,0.50,'2023-05-11 05:33:18','2023-05-11 05:33:18'),(920,142,31,0.50,'2023-05-11 05:33:18','2023-05-11 05:33:18'),(921,144,31,0.50,'2023-05-11 05:33:19','2023-05-11 05:33:19'),(922,146,31,0.50,'2023-05-11 05:33:19','2023-05-11 05:33:19'),(923,149,31,0.50,'2023-05-11 05:33:19','2023-05-11 05:33:19'),(924,152,31,0.50,'2023-05-11 05:33:19','2023-05-11 05:33:19'),(925,155,31,0.50,'2023-05-11 05:33:20','2023-05-11 05:33:20'),(926,158,31,0.50,'2023-05-11 05:33:20','2023-05-11 05:33:20'),(927,164,31,0.50,'2023-05-11 05:33:20','2023-05-11 05:33:20'),(928,169,31,0.50,'2023-05-11 05:33:21','2023-05-11 05:33:21'),(929,171,31,0.50,'2023-05-11 05:33:21','2023-05-11 05:33:21'),(930,179,31,0.50,'2023-05-11 05:33:21','2023-05-11 05:33:21'),(931,180,31,0.50,'2023-05-11 05:33:22','2023-05-11 05:33:22'),(932,181,31,0.50,'2023-05-11 05:33:22','2023-05-11 05:33:22'),(933,183,31,0.50,'2023-05-11 05:33:22','2023-05-11 05:33:22'),(934,186,31,0.50,'2023-05-11 05:33:22','2023-05-11 05:33:22'),(935,188,31,0.50,'2023-05-11 05:33:22','2023-05-11 05:33:22'),(936,197,31,0.50,'2023-05-11 05:33:23','2023-05-11 05:33:23'),(937,3,32,0.50,'2023-05-11 05:33:23','2023-05-11 05:33:23'),(938,8,32,0.50,'2023-05-11 05:33:24','2023-05-11 05:33:24'),(939,9,32,0.50,'2023-05-11 05:33:24','2023-05-11 05:33:24'),(940,10,32,0.50,'2023-05-11 05:33:24','2023-05-11 05:33:24'),(941,19,32,0.50,'2023-05-11 05:33:25','2023-05-11 05:33:25'),(942,21,32,0.50,'2023-05-11 05:33:25','2023-05-11 05:33:25'),(943,23,32,0.50,'2023-05-11 05:33:25','2023-05-11 05:33:25'),(944,26,32,0.50,'2023-05-11 05:33:26','2023-05-11 05:33:26'),(945,30,32,0.50,'2023-05-11 05:33:26','2023-05-11 05:33:26'),(946,36,32,0.50,'2023-05-11 05:33:26','2023-05-11 05:33:26'),(947,38,32,0.50,'2023-05-11 05:33:27','2023-05-11 05:33:27'),(948,49,32,0.50,'2023-05-11 05:33:27','2023-05-11 05:33:27'),(949,51,32,0.50,'2023-05-11 05:33:27','2023-05-11 05:33:27'),(950,52,32,0.50,'2023-05-11 05:33:27','2023-05-11 05:33:27'),(951,56,32,0.50,'2023-05-11 05:33:28','2023-05-11 05:33:28'),(952,61,32,0.50,'2023-05-11 05:33:28','2023-05-11 05:33:28'),(953,70,32,0.50,'2023-05-11 05:33:29','2023-05-11 05:33:29'),(954,78,32,0.50,'2023-05-11 05:33:29','2023-05-11 05:33:29'),(955,81,32,0.50,'2023-05-11 05:33:29','2023-05-11 05:33:29'),(956,87,32,0.50,'2023-05-11 05:33:30','2023-05-11 05:33:30'),(957,96,32,0.50,'2023-05-11 05:33:30','2023-05-11 05:33:30'),(958,97,32,0.50,'2023-05-11 05:33:30','2023-05-11 05:33:30'),(959,100,32,0.50,'2023-05-11 05:33:31','2023-05-11 05:33:31'),(960,104,32,0.50,'2023-05-11 05:33:31','2023-05-11 05:33:31'),(961,105,32,0.50,'2023-05-11 05:33:32','2023-05-11 05:33:32'),(962,106,32,0.50,'2023-05-11 05:33:32','2023-05-11 05:33:32'),(963,107,32,0.50,'2023-05-11 05:33:33','2023-05-11 05:33:33'),(964,108,32,0.50,'2023-05-11 05:33:33','2023-05-11 05:33:33'),(965,111,32,0.50,'2023-05-11 05:33:33','2023-05-11 05:33:33'),(966,119,32,0.50,'2023-05-11 05:33:34','2023-05-11 05:33:34'),(967,120,32,0.50,'2023-05-11 05:33:34','2023-05-11 05:33:34'),(968,129,32,0.50,'2023-05-11 05:33:34','2023-05-11 05:33:34'),(969,141,32,0.50,'2023-05-11 05:33:35','2023-05-11 05:33:35'),(970,142,32,0.50,'2023-05-11 05:33:35','2023-05-11 05:33:35'),(971,145,32,0.50,'2023-05-11 05:33:36','2023-05-11 05:33:36'),(972,149,32,0.50,'2023-05-11 05:33:36','2023-05-11 05:33:36'),(973,154,32,0.50,'2023-05-11 05:33:36','2023-05-11 05:33:36'),(974,161,32,0.50,'2023-05-11 05:33:36','2023-05-11 05:33:36'),(975,164,32,0.50,'2023-05-11 05:33:37','2023-05-11 05:33:37'),(976,174,32,0.50,'2023-05-11 05:33:37','2023-05-11 05:33:37'),(977,179,32,0.50,'2023-05-11 05:33:37','2023-05-11 05:33:37'),(978,184,32,0.50,'2023-05-11 05:33:37','2023-05-11 05:33:37'),(979,187,32,0.50,'2023-05-11 05:33:38','2023-05-11 05:33:38'),(980,200,32,0.50,'2023-05-11 05:33:38','2023-05-11 05:33:38'),(981,6,33,0.50,'2023-05-11 05:33:38','2023-05-11 05:33:38'),(982,12,33,0.50,'2023-05-11 05:33:38','2023-05-11 05:33:38'),(983,49,33,0.50,'2023-05-11 05:33:38','2023-05-11 05:33:38'),(984,55,33,0.50,'2023-05-11 05:33:38','2023-05-11 05:33:38'),(985,107,33,0.50,'2023-05-11 05:33:39','2023-05-11 05:33:39'),(986,111,33,0.50,'2023-05-11 05:33:39','2023-05-11 05:33:39'),(987,126,33,0.50,'2023-05-11 05:33:39','2023-05-11 05:33:39'),(988,128,33,0.50,'2023-05-11 05:33:39','2023-05-11 05:33:39'),(989,145,33,0.50,'2023-05-11 05:33:40','2023-05-11 05:33:40'),(990,159,33,0.50,'2023-05-11 05:33:40','2023-05-11 05:33:40'),(991,170,33,0.50,'2023-05-11 05:33:40','2023-05-11 05:33:40'),(992,1,34,0.50,'2023-05-11 05:33:41','2023-05-11 05:33:41'),(993,5,34,0.50,'2023-05-11 05:33:41','2023-05-11 05:33:41'),(994,14,34,0.50,'2023-05-11 05:33:41','2023-05-11 05:33:41'),(995,26,34,0.50,'2023-05-11 05:33:41','2023-05-11 05:33:41'),(996,28,34,0.50,'2023-05-11 05:33:42','2023-05-11 05:33:42'),(997,29,34,0.50,'2023-05-11 05:33:42','2023-05-11 05:33:42'),(998,31,34,0.50,'2023-05-11 05:33:42','2023-05-11 05:33:42'),(999,38,34,0.50,'2023-05-11 05:33:43','2023-05-11 05:33:43'),(1000,48,34,0.50,'2023-05-11 05:33:43','2023-05-11 05:33:43'),(1001,50,34,0.50,'2023-05-11 05:33:43','2023-05-11 05:33:43'),(1002,54,34,0.50,'2023-05-11 05:33:43','2023-05-11 05:33:43'),(1003,55,34,0.50,'2023-05-11 05:33:43','2023-05-11 05:33:43'),(1004,56,34,0.50,'2023-05-11 05:33:44','2023-05-11 05:33:44'),(1005,57,34,0.50,'2023-05-11 05:33:44','2023-05-11 05:33:44'),(1006,66,34,0.50,'2023-05-11 05:33:44','2023-05-11 05:33:44'),(1007,70,34,0.50,'2023-05-11 05:33:44','2023-05-11 05:33:44'),(1008,77,34,0.50,'2023-05-11 05:33:44','2023-05-11 05:33:44'),(1009,78,34,0.50,'2023-05-11 05:33:45','2023-05-11 05:33:45'),(1010,79,34,0.50,'2023-05-11 05:33:45','2023-05-11 05:33:45'),(1011,82,34,0.50,'2023-05-11 05:33:45','2023-05-11 05:33:45'),(1012,87,34,0.50,'2023-05-11 05:33:45','2023-05-11 05:33:45'),(1013,97,34,0.50,'2023-05-11 05:33:45','2023-05-11 05:33:45'),(1014,102,34,0.50,'2023-05-11 05:33:46','2023-05-11 05:33:46'),(1015,109,34,0.50,'2023-05-11 05:33:46','2023-05-11 05:33:46'),(1016,110,34,0.50,'2023-05-11 05:33:46','2023-05-11 05:33:46'),(1017,111,34,0.50,'2023-05-11 05:33:46','2023-05-11 05:33:46'),(1018,113,34,0.50,'2023-05-11 05:33:46','2023-05-11 05:33:46'),(1019,115,34,0.50,'2023-05-11 05:33:47','2023-05-11 05:33:47'),(1020,117,34,0.50,'2023-05-11 05:33:47','2023-05-11 05:33:47'),(1021,122,34,0.50,'2023-05-11 05:33:47','2023-05-11 05:33:47'),(1022,127,34,0.50,'2023-05-11 05:33:48','2023-05-11 05:33:48'),(1023,129,34,0.50,'2023-05-11 05:33:48','2023-05-11 05:33:48'),(1024,131,34,0.50,'2023-05-11 05:33:48','2023-05-11 05:33:48'),(1025,135,34,0.50,'2023-05-11 05:33:48','2023-05-11 05:33:48'),(1026,136,34,0.50,'2023-05-11 05:33:48','2023-05-11 05:33:48'),(1027,138,34,0.50,'2023-05-11 05:33:49','2023-05-11 05:33:49'),(1028,143,34,0.50,'2023-05-11 05:33:49','2023-05-11 05:33:49'),(1029,148,34,0.50,'2023-05-11 05:33:49','2023-05-11 05:33:49'),(1030,150,34,0.50,'2023-05-11 05:33:50','2023-05-11 05:33:50'),(1031,153,34,0.50,'2023-05-11 05:33:50','2023-05-11 05:33:50'),(1032,154,34,0.50,'2023-05-11 05:33:50','2023-05-11 05:33:50'),(1033,155,34,0.50,'2023-05-11 05:33:50','2023-05-11 05:33:50'),(1034,158,34,0.50,'2023-05-11 05:33:50','2023-05-11 05:33:50'),(1035,161,34,0.50,'2023-05-11 05:33:51','2023-05-11 05:33:51'),(1036,165,34,0.50,'2023-05-11 05:33:51','2023-05-11 05:33:51'),(1037,169,34,0.50,'2023-05-11 05:33:51','2023-05-11 05:33:51'),(1038,170,34,0.50,'2023-05-11 05:33:52','2023-05-11 05:33:52'),(1039,174,34,0.50,'2023-05-11 05:33:52','2023-05-11 05:33:52'),(1040,180,34,0.50,'2023-05-11 05:33:52','2023-05-11 05:33:52'),(1041,186,34,0.50,'2023-05-11 05:33:52','2023-05-11 05:33:52'),(1042,188,34,0.50,'2023-05-11 05:33:53','2023-05-11 05:33:53'),(1043,197,34,0.50,'2023-05-11 05:33:53','2023-05-11 05:33:53'),(1044,23,35,0.50,'2023-05-11 05:33:53','2023-05-11 05:33:53'),(1045,27,35,0.50,'2023-05-11 05:33:53','2023-05-11 05:33:53'),(1046,46,35,0.50,'2023-05-11 05:33:54','2023-05-11 05:33:54'),(1047,100,35,0.50,'2023-05-11 05:33:54','2023-05-11 05:33:54'),(1048,102,35,0.50,'2023-05-11 05:33:54','2023-05-11 05:33:54'),(1049,121,35,0.50,'2023-05-11 05:33:54','2023-05-11 05:33:54'),(1050,134,35,0.50,'2023-05-11 05:33:54','2023-05-11 05:33:54'),(1051,169,35,0.50,'2023-05-11 05:33:55','2023-05-11 05:33:55'),(1052,170,35,0.50,'2023-05-11 05:33:55','2023-05-11 05:33:55'),(1053,2,36,0.50,'2023-05-11 05:33:55','2023-05-11 05:33:55'),(1054,3,36,0.50,'2023-05-11 05:33:55','2023-05-11 05:33:55'),(1055,16,36,0.50,'2023-05-11 05:33:56','2023-05-11 05:33:56'),(1056,17,36,0.50,'2023-05-11 05:33:56','2023-05-11 05:33:56'),(1057,24,36,0.50,'2023-05-11 05:33:56','2023-05-11 05:33:56'),(1058,35,36,0.50,'2023-05-11 05:33:56','2023-05-11 05:33:56'),(1059,49,36,0.50,'2023-05-11 05:33:57','2023-05-11 05:33:57'),(1060,50,36,0.50,'2023-05-11 05:33:57','2023-05-11 05:33:57'),(1061,54,36,0.50,'2023-05-11 05:33:57','2023-05-11 05:33:57'),(1062,60,36,0.50,'2023-05-11 05:33:57','2023-05-11 05:33:57'),(1063,61,36,0.50,'2023-05-11 05:33:57','2023-05-11 05:33:57'),(1064,67,36,0.50,'2023-05-11 05:33:58','2023-05-11 05:33:58'),(1065,69,36,0.50,'2023-05-11 05:33:58','2023-05-11 05:33:58'),(1066,78,36,0.50,'2023-05-11 05:33:58','2023-05-11 05:33:58'),(1067,84,36,0.50,'2023-05-11 05:33:59','2023-05-11 05:33:59'),(1068,92,36,0.50,'2023-05-11 05:33:59','2023-05-11 05:33:59'),(1069,108,36,0.50,'2023-05-11 05:34:00','2023-05-11 05:34:00'),(1070,109,36,0.50,'2023-05-11 05:34:00','2023-05-11 05:34:00'),(1071,110,36,0.50,'2023-05-11 05:34:00','2023-05-11 05:34:00'),(1072,111,36,0.50,'2023-05-11 05:34:01','2023-05-11 05:34:01'),(1073,114,36,0.50,'2023-05-11 05:34:01','2023-05-11 05:34:01'),(1074,130,36,0.50,'2023-05-11 05:34:01','2023-05-11 05:34:01'),(1075,131,36,0.50,'2023-05-11 05:34:01','2023-05-11 05:34:01'),(1076,133,36,0.50,'2023-05-11 05:34:02','2023-05-11 05:34:02'),(1077,139,36,0.50,'2023-05-11 05:34:02','2023-05-11 05:34:02'),(1078,141,36,0.50,'2023-05-11 05:34:02','2023-05-11 05:34:02'),(1079,143,36,0.50,'2023-05-11 05:34:03','2023-05-11 05:34:03'),(1080,145,36,0.50,'2023-05-11 05:34:03','2023-05-11 05:34:03'),(1081,147,36,0.50,'2023-05-11 05:34:03','2023-05-11 05:34:03'),(1082,151,36,0.50,'2023-05-11 05:34:04','2023-05-11 05:34:04'),(1083,156,36,0.50,'2023-05-11 05:34:04','2023-05-11 05:34:04'),(1084,159,36,0.50,'2023-05-11 05:34:04','2023-05-11 05:34:04'),(1085,166,36,0.50,'2023-05-11 05:34:04','2023-05-11 05:34:04'),(1086,167,36,0.50,'2023-05-11 05:34:04','2023-05-11 05:34:04'),(1087,176,36,0.50,'2023-05-11 05:34:05','2023-05-11 05:34:05'),(1088,182,36,0.50,'2023-05-11 05:34:05','2023-05-11 05:34:05'),(1089,183,36,0.50,'2023-05-11 05:34:05','2023-05-11 05:34:05'),(1090,190,36,0.50,'2023-05-11 05:34:06','2023-05-11 05:34:06'),(1091,194,36,0.50,'2023-05-11 05:34:06','2023-05-11 05:34:06'),(1092,196,36,0.50,'2023-05-11 05:34:06','2023-05-11 05:34:06'),(1093,6,37,0.50,'2023-05-11 05:34:07','2023-05-11 05:34:07'),(1094,7,37,0.50,'2023-05-11 05:34:07','2023-05-11 05:34:07'),(1095,9,37,0.50,'2023-05-11 05:34:07','2023-05-11 05:34:07'),(1096,15,37,0.50,'2023-05-11 05:34:08','2023-05-11 05:34:08'),(1097,20,37,0.50,'2023-05-11 05:34:08','2023-05-11 05:34:08'),(1098,63,37,0.50,'2023-05-11 05:34:08','2023-05-11 05:34:08'),(1099,66,37,0.50,'2023-05-11 05:34:08','2023-05-11 05:34:08'),(1100,109,37,0.50,'2023-05-11 05:34:09','2023-05-11 05:34:09'),(1101,119,37,0.50,'2023-05-11 05:34:09','2023-05-11 05:34:09'),(1102,122,37,0.50,'2023-05-11 05:34:09','2023-05-11 05:34:09'),(1103,137,37,0.50,'2023-05-11 05:34:09','2023-05-11 05:34:09'),(1104,145,37,0.50,'2023-05-11 05:34:09','2023-05-11 05:34:09'),(1105,162,37,0.50,'2023-05-11 05:34:10','2023-05-11 05:34:10'),(1106,191,37,0.50,'2023-05-11 05:34:10','2023-05-11 05:34:10'),(1107,198,37,0.50,'2023-05-11 05:34:10','2023-05-11 05:34:10'),(1108,2,38,0.50,'2023-05-11 05:34:11','2023-05-11 05:34:11'),(1109,3,38,0.50,'2023-05-11 05:34:11','2023-05-11 05:34:11'),(1110,6,38,0.50,'2023-05-11 05:34:11','2023-05-11 05:34:11'),(1111,7,38,0.50,'2023-05-11 05:34:11','2023-05-11 05:34:11'),(1112,9,38,0.50,'2023-05-11 05:34:12','2023-05-11 05:34:12'),(1113,12,38,0.50,'2023-05-11 05:34:12','2023-05-11 05:34:12'),(1114,15,38,0.50,'2023-05-11 05:34:12','2023-05-11 05:34:12'),(1115,20,38,0.50,'2023-05-11 05:34:12','2023-05-11 05:34:12'),(1116,28,38,0.50,'2023-05-11 05:34:13','2023-05-11 05:34:13'),(1117,32,38,0.50,'2023-05-11 05:34:13','2023-05-11 05:34:13'),(1118,36,38,0.50,'2023-05-11 05:34:13','2023-05-11 05:34:13'),(1119,46,38,0.50,'2023-05-11 05:34:13','2023-05-11 05:34:13'),(1120,50,38,0.50,'2023-05-11 05:34:13','2023-05-11 05:34:13'),(1121,54,38,0.50,'2023-05-11 05:34:14','2023-05-11 05:34:14'),(1122,68,38,0.50,'2023-05-11 05:34:14','2023-05-11 05:34:14'),(1123,72,38,0.50,'2023-05-11 05:34:14','2023-05-11 05:34:14'),(1124,74,38,0.50,'2023-05-11 05:34:14','2023-05-11 05:34:14'),(1125,77,38,0.50,'2023-05-11 05:34:14','2023-05-11 05:34:14'),(1126,84,38,0.50,'2023-05-11 05:34:15','2023-05-11 05:34:15'),(1127,86,38,0.50,'2023-05-11 05:34:15','2023-05-11 05:34:15'),(1128,89,38,0.50,'2023-05-11 05:34:15','2023-05-11 05:34:15'),(1129,91,38,0.50,'2023-05-11 05:34:15','2023-05-11 05:34:15'),(1130,95,38,0.50,'2023-05-11 05:34:16','2023-05-11 05:34:16'),(1131,104,38,0.50,'2023-05-11 05:34:16','2023-05-11 05:34:16'),(1132,106,38,0.50,'2023-05-11 05:34:16','2023-05-11 05:34:16'),(1133,113,38,0.50,'2023-05-11 05:34:17','2023-05-11 05:34:17'),(1134,114,38,0.50,'2023-05-11 05:34:17','2023-05-11 05:34:17'),(1135,115,38,0.50,'2023-05-11 05:34:17','2023-05-11 05:34:17'),(1136,120,38,0.50,'2023-05-11 05:34:17','2023-05-11 05:34:17'),(1137,123,38,0.50,'2023-05-11 05:34:18','2023-05-11 05:34:18'),(1138,131,38,0.50,'2023-05-11 05:34:18','2023-05-11 05:34:18'),(1139,132,38,0.50,'2023-05-11 05:34:18','2023-05-11 05:34:18'),(1140,144,38,0.50,'2023-05-11 05:34:18','2023-05-11 05:34:18'),(1141,147,38,0.50,'2023-05-11 05:34:18','2023-05-11 05:34:18'),(1142,153,38,0.50,'2023-05-11 05:34:19','2023-05-11 05:34:19'),(1143,156,38,0.50,'2023-05-11 05:34:19','2023-05-11 05:34:19'),(1144,159,38,0.50,'2023-05-11 05:34:19','2023-05-11 05:34:19'),(1145,165,38,0.50,'2023-05-11 05:34:19','2023-05-11 05:34:19'),(1146,170,38,0.50,'2023-05-11 05:34:20','2023-05-11 05:34:20'),(1147,176,38,0.50,'2023-05-11 05:34:20','2023-05-11 05:34:20'),(1148,182,38,0.50,'2023-05-11 05:34:20','2023-05-11 05:34:20'),(1149,183,38,0.50,'2023-05-11 05:34:20','2023-05-11 05:34:20'),(1150,191,38,0.50,'2023-05-11 05:34:20','2023-05-11 05:34:20'),(1151,195,38,0.50,'2023-05-11 05:34:21','2023-05-11 05:34:21'),(1152,196,38,0.50,'2023-05-11 05:34:21','2023-05-11 05:34:21'),(1153,200,38,0.50,'2023-05-11 05:34:21','2023-05-11 05:34:21'),(1154,31,40,0.50,'2023-05-11 05:34:21','2023-05-11 05:34:21'),(1155,53,40,0.50,'2023-05-11 05:34:22','2023-05-11 05:34:22'),(1156,56,40,0.50,'2023-05-11 05:34:22','2023-05-11 05:34:22'),(1157,105,40,0.50,'2023-05-11 05:34:23','2023-05-11 05:34:23'),(1158,130,40,0.50,'2023-05-11 05:34:23','2023-05-11 05:34:23'),(1159,141,40,0.50,'2023-05-11 05:34:23','2023-05-11 05:34:23'),(1160,156,40,0.50,'2023-05-11 05:34:23','2023-05-11 05:34:23'),(1161,177,40,0.50,'2023-05-11 05:34:23','2023-05-11 05:34:23'),(1162,185,40,0.50,'2023-05-11 05:34:24','2023-05-11 05:34:24'),(1163,2,41,0.50,'2023-05-11 05:34:24','2023-05-11 05:34:24'),(1164,4,41,0.50,'2023-05-11 05:34:24','2023-05-11 05:34:24'),(1165,6,41,0.50,'2023-05-11 05:34:24','2023-05-11 05:34:24'),(1166,13,41,0.50,'2023-05-11 05:34:25','2023-05-11 05:34:25'),(1167,16,41,0.50,'2023-05-11 05:34:25','2023-05-11 05:34:25'),(1168,21,41,0.50,'2023-05-11 05:34:25','2023-05-11 05:34:25'),(1169,26,41,0.50,'2023-05-11 05:34:26','2023-05-11 05:34:26'),(1170,28,41,0.50,'2023-05-11 05:34:26','2023-05-11 05:34:26'),(1171,36,41,0.50,'2023-05-11 05:34:26','2023-05-11 05:34:26'),(1172,43,41,0.50,'2023-05-11 05:34:26','2023-05-11 05:34:26'),(1173,46,41,0.50,'2023-05-11 05:34:27','2023-05-11 05:34:27'),(1174,50,41,0.50,'2023-05-11 05:34:27','2023-05-11 05:34:27'),(1175,52,41,0.50,'2023-05-11 05:34:28','2023-05-11 05:34:28'),(1176,55,41,0.50,'2023-05-11 05:34:29','2023-05-11 05:34:29'),(1177,60,41,0.50,'2023-05-11 05:34:29','2023-05-11 05:34:29'),(1178,63,41,0.50,'2023-05-11 05:34:29','2023-05-11 05:34:29'),(1179,64,41,0.50,'2023-05-11 05:34:30','2023-05-11 05:34:30'),(1180,69,41,0.50,'2023-05-11 05:34:30','2023-05-11 05:34:30'),(1181,70,41,0.50,'2023-05-11 05:34:30','2023-05-11 05:34:30'),(1182,71,41,0.50,'2023-05-11 05:34:31','2023-05-11 05:34:31'),(1183,73,41,0.50,'2023-05-11 05:34:31','2023-05-11 05:34:31'),(1184,78,41,0.50,'2023-05-11 05:34:31','2023-05-11 05:34:31'),(1185,79,41,0.50,'2023-05-11 05:34:32','2023-05-11 05:34:32'),(1186,87,41,0.50,'2023-05-11 05:34:32','2023-05-11 05:34:32'),(1187,96,41,0.50,'2023-05-11 05:34:33','2023-05-11 05:34:33'),(1188,100,41,0.50,'2023-05-11 05:34:34','2023-05-11 05:34:34'),(1189,101,41,0.50,'2023-05-11 05:34:34','2023-05-11 05:34:34'),(1190,106,41,0.50,'2023-05-11 05:34:34','2023-05-11 05:34:34'),(1191,107,41,0.50,'2023-05-11 05:34:34','2023-05-11 05:34:34'),(1192,108,41,0.50,'2023-05-11 05:34:35','2023-05-11 05:34:35'),(1193,116,41,0.50,'2023-05-11 05:34:35','2023-05-11 05:34:35'),(1194,124,41,0.50,'2023-05-11 05:34:36','2023-05-11 05:34:36'),(1195,130,41,0.50,'2023-05-11 05:34:36','2023-05-11 05:34:36'),(1196,131,41,0.50,'2023-05-11 05:34:36','2023-05-11 05:34:36'),(1197,132,41,0.50,'2023-05-11 05:34:36','2023-05-11 05:34:36'),(1198,135,41,0.50,'2023-05-11 05:34:37','2023-05-11 05:34:37'),(1199,137,41,0.50,'2023-05-11 05:34:37','2023-05-11 05:34:37'),(1200,138,41,0.50,'2023-05-11 05:34:37','2023-05-11 05:34:37'),(1201,140,41,0.50,'2023-05-11 05:34:37','2023-05-11 05:34:37'),(1202,141,41,0.50,'2023-05-11 05:34:37','2023-05-11 05:34:37'),(1203,142,41,0.50,'2023-05-11 05:34:37','2023-05-11 05:34:37'),(1204,147,41,0.50,'2023-05-11 05:34:38','2023-05-11 05:34:38'),(1205,149,41,0.50,'2023-05-11 05:34:38','2023-05-11 05:34:38'),(1206,151,41,0.50,'2023-05-11 05:34:39','2023-05-11 05:34:39'),(1207,155,41,0.50,'2023-05-11 05:34:39','2023-05-11 05:34:39'),(1208,161,41,0.50,'2023-05-11 05:34:39','2023-05-11 05:34:39'),(1209,163,41,0.50,'2023-05-11 05:34:39','2023-05-11 05:34:39'),(1210,167,41,0.50,'2023-05-11 05:34:40','2023-05-11 05:34:40'),(1211,168,41,0.50,'2023-05-11 05:34:40','2023-05-11 05:34:40'),(1212,169,41,0.50,'2023-05-11 05:34:40','2023-05-11 05:34:40'),(1213,170,41,0.50,'2023-05-11 05:34:41','2023-05-11 05:34:41'),(1214,171,41,0.50,'2023-05-11 05:34:41','2023-05-11 05:34:41'),(1215,172,41,0.50,'2023-05-11 05:34:41','2023-05-11 05:34:41'),(1216,177,41,0.50,'2023-05-11 05:34:41','2023-05-11 05:34:41'),(1217,181,41,0.50,'2023-05-11 05:34:42','2023-05-11 05:34:42'),(1218,183,41,0.50,'2023-05-11 05:34:42','2023-05-11 05:34:42'),(1219,184,41,0.50,'2023-05-11 05:34:42','2023-05-11 05:34:42'),(1220,191,41,0.50,'2023-05-11 05:34:42','2023-05-11 05:34:42'),(1221,194,41,0.50,'2023-05-11 05:34:42','2023-05-11 05:34:42'),(1222,195,41,0.50,'2023-05-11 05:34:43','2023-05-11 05:34:43'),(1223,198,41,0.50,'2023-05-11 05:34:43','2023-05-11 05:34:43'),(1224,200,41,0.50,'2023-05-11 05:34:43','2023-05-11 05:34:43'),(1225,4,42,0.50,'2023-05-11 05:34:43','2023-05-11 05:34:43'),(1226,6,42,0.50,'2023-05-11 05:34:44','2023-05-11 05:34:44'),(1227,8,42,0.50,'2023-05-11 05:34:44','2023-05-11 05:34:44'),(1228,11,42,0.50,'2023-05-11 05:34:44','2023-05-11 05:34:44'),(1229,20,42,0.50,'2023-05-11 05:34:44','2023-05-11 05:34:44'),(1230,22,42,0.50,'2023-05-11 05:34:45','2023-05-11 05:34:45'),(1231,23,42,0.50,'2023-05-11 05:34:45','2023-05-11 05:34:45'),(1232,29,42,0.50,'2023-05-11 05:34:45','2023-05-11 05:34:45'),(1233,36,42,0.50,'2023-05-11 05:34:45','2023-05-11 05:34:45'),(1234,51,42,0.50,'2023-05-11 05:34:46','2023-05-11 05:34:46'),(1235,60,42,0.50,'2023-05-11 05:34:46','2023-05-11 05:34:46'),(1236,61,42,0.50,'2023-05-11 05:34:46','2023-05-11 05:34:46'),(1237,64,42,0.50,'2023-05-11 05:34:46','2023-05-11 05:34:46'),(1238,66,42,0.50,'2023-05-11 05:34:46','2023-05-11 05:34:46'),(1239,77,42,0.50,'2023-05-11 05:34:47','2023-05-11 05:34:47'),(1240,80,42,0.50,'2023-05-11 05:34:47','2023-05-11 05:34:47'),(1241,89,42,0.50,'2023-05-11 05:34:47','2023-05-11 05:34:47'),(1242,90,42,0.50,'2023-05-11 05:34:47','2023-05-11 05:34:47'),(1243,93,42,0.50,'2023-05-11 05:34:48','2023-05-11 05:34:48'),(1244,102,42,0.50,'2023-05-11 05:34:48','2023-05-11 05:34:48'),(1245,106,42,0.50,'2023-05-11 05:34:48','2023-05-11 05:34:48'),(1246,107,42,0.50,'2023-05-11 05:34:48','2023-05-11 05:34:48'),(1247,109,42,0.50,'2023-05-11 05:34:48','2023-05-11 05:34:48'),(1248,110,42,0.50,'2023-05-11 05:34:49','2023-05-11 05:34:49'),(1249,113,42,0.50,'2023-05-11 05:34:49','2023-05-11 05:34:49'),(1250,114,42,0.50,'2023-05-11 05:34:49','2023-05-11 05:34:49'),(1251,115,42,0.50,'2023-05-11 05:34:49','2023-05-11 05:34:49'),(1252,118,42,0.50,'2023-05-11 05:34:49','2023-05-11 05:34:49'),(1253,120,42,0.50,'2023-05-11 05:34:50','2023-05-11 05:34:50'),(1254,121,42,0.50,'2023-05-11 05:34:50','2023-05-11 05:34:50'),(1255,124,42,0.50,'2023-05-11 05:34:50','2023-05-11 05:34:50'),(1256,128,42,0.50,'2023-05-11 05:34:50','2023-05-11 05:34:50'),(1257,134,42,0.50,'2023-05-11 05:34:50','2023-05-11 05:34:50'),(1258,135,42,0.50,'2023-05-11 05:34:51','2023-05-11 05:34:51'),(1259,147,42,0.50,'2023-05-11 05:34:51','2023-05-11 05:34:51'),(1260,148,42,0.50,'2023-05-11 05:34:51','2023-05-11 05:34:51'),(1261,150,42,0.50,'2023-05-11 05:34:51','2023-05-11 05:34:51'),(1262,151,42,0.50,'2023-05-11 05:34:51','2023-05-11 05:34:51'),(1263,156,42,0.50,'2023-05-11 05:34:52','2023-05-11 05:34:52'),(1264,161,42,0.50,'2023-05-11 05:34:52','2023-05-11 05:34:52'),(1265,170,42,0.50,'2023-05-11 05:34:52','2023-05-11 05:34:52'),(1266,176,42,0.50,'2023-05-11 05:34:52','2023-05-11 05:34:52'),(1267,177,42,0.50,'2023-05-11 05:34:53','2023-05-11 05:34:53'),(1268,180,42,0.50,'2023-05-11 05:34:53','2023-05-11 05:34:53'),(1269,184,42,0.50,'2023-05-11 05:34:53','2023-05-11 05:34:53'),(1270,194,42,0.50,'2023-05-11 05:34:54','2023-05-11 05:34:54'),(1271,195,42,0.50,'2023-05-11 05:34:54','2023-05-11 05:34:54'),(1272,198,42,0.50,'2023-05-11 05:34:55','2023-05-11 05:34:55'),(1273,4,43,0.50,'2023-05-11 05:34:55','2023-05-11 05:34:55'),(1274,16,43,0.50,'2023-05-11 05:34:56','2023-05-11 05:34:56'),(1275,30,43,0.50,'2023-05-11 05:34:56','2023-05-11 05:34:56'),(1276,42,43,0.50,'2023-05-11 05:34:57','2023-05-11 05:34:57'),(1277,43,43,0.50,'2023-05-11 05:34:57','2023-05-11 05:34:57'),(1278,45,43,0.50,'2023-05-11 05:34:57','2023-05-11 05:34:57'),(1279,73,43,0.50,'2023-05-11 05:34:57','2023-05-11 05:34:57'),(1280,109,43,0.50,'2023-05-11 05:34:58','2023-05-11 05:34:58'),(1281,114,43,0.50,'2023-05-11 05:34:58','2023-05-11 05:34:58'),(1282,135,43,0.50,'2023-05-11 05:34:59','2023-05-11 05:34:59'),(1283,141,43,0.50,'2023-05-11 05:34:59','2023-05-11 05:34:59'),(1284,142,43,0.50,'2023-05-11 05:34:59','2023-05-11 05:34:59'),(1285,150,43,0.50,'2023-05-11 05:35:00','2023-05-11 05:35:00'),(1286,154,43,0.50,'2023-05-11 05:35:00','2023-05-11 05:35:00'),(1287,166,43,0.50,'2023-05-11 05:35:00','2023-05-11 05:35:00'),(1288,167,43,0.50,'2023-05-11 05:35:01','2023-05-11 05:35:01'),(1289,169,43,0.50,'2023-05-11 05:35:01','2023-05-11 05:35:01'),(1290,183,43,0.50,'2023-05-11 05:35:01','2023-05-11 05:35:01'),(1291,171,45,0.50,'2023-05-11 05:35:01','2023-05-11 05:35:01'),(1292,185,45,0.50,'2023-05-11 05:35:02','2023-05-11 05:35:02'),(1293,28,46,0.50,'2023-05-11 05:35:02','2023-05-11 05:35:02'),(1294,43,46,0.50,'2023-05-11 05:35:03','2023-05-11 05:35:03'),(1295,45,46,0.50,'2023-05-11 05:35:03','2023-05-11 05:35:03'),(1296,54,46,0.50,'2023-05-11 05:35:04','2023-05-11 05:35:04'),(1297,84,46,0.50,'2023-05-11 05:35:04','2023-05-11 05:35:04'),(1298,132,46,0.50,'2023-05-11 05:35:05','2023-05-11 05:35:05'),(1299,155,46,0.50,'2023-05-11 05:35:05','2023-05-11 05:35:05'),(1300,169,46,0.50,'2023-05-11 05:35:05','2023-05-11 05:35:05'),(1301,184,46,0.50,'2023-05-11 05:35:06','2023-05-11 05:35:06'),(1302,16,47,0.50,'2023-05-11 05:35:06','2023-05-11 05:35:06'),(1303,38,47,0.50,'2023-05-11 05:35:06','2023-05-11 05:35:06'),(1304,44,47,0.50,'2023-05-11 05:35:06','2023-05-11 05:35:06'),(1305,45,47,0.50,'2023-05-11 05:35:07','2023-05-11 05:35:07'),(1306,73,47,0.50,'2023-05-11 05:35:07','2023-05-11 05:35:07'),(1307,94,47,0.50,'2023-05-11 05:35:07','2023-05-11 05:35:07'),(1308,102,47,0.50,'2023-05-11 05:35:08','2023-05-11 05:35:08'),(1309,117,47,0.50,'2023-05-11 05:35:08','2023-05-11 05:35:08'),(1310,151,47,0.50,'2023-05-11 05:35:08','2023-05-11 05:35:08'),(1311,165,47,0.50,'2023-05-11 05:35:08','2023-05-11 05:35:08'),(1312,168,47,0.50,'2023-05-11 05:35:08','2023-05-11 05:35:08'),(1313,185,47,0.50,'2023-05-11 05:35:09','2023-05-11 05:35:09'),(1314,190,47,0.50,'2023-05-11 05:35:09','2023-05-11 05:35:09'),(1315,1,48,0.50,'2023-05-11 05:35:09','2023-05-11 05:35:09'),(1316,2,48,0.50,'2023-05-11 05:35:09','2023-05-11 05:35:09'),(1317,3,48,0.50,'2023-05-11 05:35:10','2023-05-11 05:35:10'),(1318,6,48,0.50,'2023-05-11 05:35:10','2023-05-11 05:35:10'),(1319,7,48,0.50,'2023-05-11 05:35:10','2023-05-11 05:35:10'),(1320,11,48,0.50,'2023-05-11 05:35:10','2023-05-11 05:35:10'),(1321,22,48,0.50,'2023-05-11 05:35:10','2023-05-11 05:35:10'),(1322,23,48,0.50,'2023-05-11 05:35:11','2023-05-11 05:35:11'),(1323,24,48,0.50,'2023-05-11 05:35:11','2023-05-11 05:35:11'),(1324,25,48,0.50,'2023-05-11 05:35:11','2023-05-11 05:35:11'),(1325,32,48,0.50,'2023-05-11 05:35:11','2023-05-11 05:35:11'),(1326,33,48,0.50,'2023-05-11 05:35:11','2023-05-11 05:35:11'),(1327,35,48,0.50,'2023-05-11 05:35:12','2023-05-11 05:35:12'),(1328,36,48,0.50,'2023-05-11 05:35:12','2023-05-11 05:35:12'),(1329,39,48,0.50,'2023-05-11 05:35:12','2023-05-11 05:35:12'),(1330,48,48,0.50,'2023-05-11 05:35:13','2023-05-11 05:35:13'),(1331,49,48,0.50,'2023-05-11 05:35:13','2023-05-11 05:35:13'),(1332,53,48,0.50,'2023-05-11 05:35:13','2023-05-11 05:35:13'),(1333,54,48,0.50,'2023-05-11 05:35:13','2023-05-11 05:35:13'),(1334,56,48,0.50,'2023-05-11 05:35:13','2023-05-11 05:35:13'),(1335,57,48,0.50,'2023-05-11 05:35:14','2023-05-11 05:35:14'),(1336,61,48,0.50,'2023-05-11 05:35:14','2023-05-11 05:35:14'),(1337,72,48,0.50,'2023-05-11 05:35:14','2023-05-11 05:35:14'),(1338,73,48,0.50,'2023-05-11 05:35:14','2023-05-11 05:35:14'),(1339,77,48,0.50,'2023-05-11 05:35:15','2023-05-11 05:35:15'),(1340,89,48,0.50,'2023-05-11 05:35:15','2023-05-11 05:35:15'),(1341,91,48,0.50,'2023-05-11 05:35:15','2023-05-11 05:35:15'),(1342,95,48,0.50,'2023-05-11 05:35:15','2023-05-11 05:35:15'),(1343,100,48,0.50,'2023-05-11 05:35:16','2023-05-11 05:35:16'),(1344,101,48,0.50,'2023-05-11 05:35:16','2023-05-11 05:35:16'),(1345,111,48,0.50,'2023-05-11 05:35:16','2023-05-11 05:35:16'),(1346,113,48,0.50,'2023-05-11 05:35:16','2023-05-11 05:35:16'),(1347,117,48,0.50,'2023-05-11 05:35:16','2023-05-11 05:35:16'),(1348,119,48,0.50,'2023-05-11 05:35:17','2023-05-11 05:35:17'),(1349,125,48,0.50,'2023-05-11 05:35:17','2023-05-11 05:35:17'),(1350,127,48,0.50,'2023-05-11 05:35:17','2023-05-11 05:35:17'),(1351,132,48,0.50,'2023-05-11 05:35:17','2023-05-11 05:35:17'),(1352,141,48,0.50,'2023-05-11 05:35:17','2023-05-11 05:35:17'),(1353,149,48,0.50,'2023-05-11 05:35:18','2023-05-11 05:35:18'),(1354,151,48,0.50,'2023-05-11 05:35:18','2023-05-11 05:35:18'),(1355,152,48,0.50,'2023-05-11 05:35:18','2023-05-11 05:35:18'),(1356,154,48,0.50,'2023-05-11 05:35:18','2023-05-11 05:35:18'),(1357,160,48,0.50,'2023-05-11 05:35:18','2023-05-11 05:35:18'),(1358,164,48,0.50,'2023-05-11 05:35:19','2023-05-11 05:35:19'),(1359,165,48,0.50,'2023-05-11 05:35:19','2023-05-11 05:35:19'),(1360,166,48,0.50,'2023-05-11 05:35:19','2023-05-11 05:35:19'),(1361,168,48,0.50,'2023-05-11 05:35:19','2023-05-11 05:35:19'),(1362,171,48,0.50,'2023-05-11 05:35:20','2023-05-11 05:35:20'),(1363,179,48,0.50,'2023-05-11 05:35:20','2023-05-11 05:35:20'),(1364,181,48,0.50,'2023-05-11 05:35:20','2023-05-11 05:35:20'),(1365,183,48,0.50,'2023-05-11 05:35:20','2023-05-11 05:35:20'),(1366,185,48,0.50,'2023-05-11 05:35:20','2023-05-11 05:35:20'),(1367,189,48,0.50,'2023-05-11 05:35:20','2023-05-11 05:35:20'),(1368,190,48,0.50,'2023-05-11 05:35:21','2023-05-11 05:35:21'),(1369,191,48,0.50,'2023-05-11 05:35:21','2023-05-11 05:35:21'),(1370,195,48,0.50,'2023-05-11 05:35:21','2023-05-11 05:35:21'),(1371,196,48,0.50,'2023-05-11 05:35:21','2023-05-11 05:35:21'),(1372,5,49,0.50,'2023-05-11 05:35:22','2023-05-11 05:35:22'),(1373,6,49,0.50,'2023-05-11 05:35:22','2023-05-11 05:35:22'),(1374,8,49,0.50,'2023-05-11 05:35:22','2023-05-11 05:35:22'),(1375,11,49,0.50,'2023-05-11 05:35:23','2023-05-11 05:35:23'),(1376,12,49,0.50,'2023-05-11 05:35:23','2023-05-11 05:35:23'),(1377,13,49,0.50,'2023-05-11 05:35:23','2023-05-11 05:35:23'),(1378,14,49,0.50,'2023-05-11 05:35:24','2023-05-11 05:35:24'),(1379,15,49,0.50,'2023-05-11 05:35:24','2023-05-11 05:35:24'),(1380,16,49,0.50,'2023-05-11 05:35:24','2023-05-11 05:35:24'),(1381,19,49,0.50,'2023-05-11 05:35:26','2023-05-11 05:35:26'),(1382,21,49,0.50,'2023-05-11 05:35:26','2023-05-11 05:35:26'),(1383,25,49,0.50,'2023-05-11 05:35:27','2023-05-11 05:35:27'),(1384,29,49,0.50,'2023-05-11 05:35:27','2023-05-11 05:35:27'),(1385,32,49,0.50,'2023-05-11 05:35:28','2023-05-11 05:35:28'),(1386,36,49,0.50,'2023-05-11 05:35:28','2023-05-11 05:35:28'),(1387,38,49,0.50,'2023-05-11 05:35:29','2023-05-11 05:35:29'),(1388,42,49,0.50,'2023-05-11 05:35:30','2023-05-11 05:35:30'),(1389,43,49,0.50,'2023-05-11 05:35:30','2023-05-11 05:35:30'),(1390,47,49,0.50,'2023-05-11 05:35:31','2023-05-11 05:35:31'),(1391,49,49,0.50,'2023-05-11 05:35:32','2023-05-11 05:35:32'),(1392,51,49,0.50,'2023-05-11 05:35:32','2023-05-11 05:35:32'),(1393,53,49,0.50,'2023-05-11 05:35:33','2023-05-11 05:35:33'),(1394,55,49,0.50,'2023-05-11 05:35:34','2023-05-11 05:35:34'),(1395,56,49,0.50,'2023-05-11 05:35:35','2023-05-11 05:35:35'),(1396,61,49,0.50,'2023-05-11 05:35:35','2023-05-11 05:35:35'),(1397,63,49,0.50,'2023-05-11 05:35:36','2023-05-11 05:35:36'),(1398,68,49,0.50,'2023-05-11 05:35:37','2023-05-11 05:35:37'),(1399,69,49,0.50,'2023-05-11 05:35:37','2023-05-11 05:35:37'),(1400,70,49,0.50,'2023-05-11 05:35:37','2023-05-11 05:35:37'),(1401,75,49,0.50,'2023-05-11 05:35:38','2023-05-11 05:35:38'),(1402,78,49,0.50,'2023-05-11 05:35:38','2023-05-11 05:35:38'),(1403,80,49,0.50,'2023-05-11 05:35:39','2023-05-11 05:35:39'),(1404,81,49,0.50,'2023-05-11 05:35:39','2023-05-11 05:35:39'),(1405,82,49,0.50,'2023-05-11 05:35:40','2023-05-11 05:35:40'),(1406,86,49,0.50,'2023-05-11 05:35:40','2023-05-11 05:35:40'),(1407,87,49,0.50,'2023-05-11 05:35:41','2023-05-11 05:35:41'),(1408,89,49,0.50,'2023-05-11 05:35:42','2023-05-11 05:35:42'),(1409,92,49,0.50,'2023-05-11 05:35:43','2023-05-11 05:35:43'),(1410,95,49,0.50,'2023-05-11 05:35:43','2023-05-11 05:35:43'),(1411,96,49,0.50,'2023-05-11 05:35:44','2023-05-11 05:35:44'),(1412,102,49,0.50,'2023-05-11 05:35:44','2023-05-11 05:35:44'),(1413,104,49,0.50,'2023-05-11 05:35:45','2023-05-11 05:35:45'),(1414,106,49,0.50,'2023-05-11 05:35:45','2023-05-11 05:35:45'),(1415,108,49,0.50,'2023-05-11 05:35:46','2023-05-11 05:35:46'),(1416,112,49,0.50,'2023-05-11 05:35:47','2023-05-11 05:35:47'),(1417,115,49,0.50,'2023-05-11 05:35:47','2023-05-11 05:35:47'),(1418,123,49,0.50,'2023-05-11 05:35:48','2023-05-11 05:35:48'),(1419,124,49,0.50,'2023-05-11 05:35:48','2023-05-11 05:35:48'),(1420,131,49,0.50,'2023-05-11 05:35:48','2023-05-11 05:35:48'),(1421,132,49,0.50,'2023-05-11 05:35:48','2023-05-11 05:35:48'),(1422,139,49,0.50,'2023-05-11 05:35:49','2023-05-11 05:35:49'),(1423,140,49,0.50,'2023-05-11 05:35:50','2023-05-11 05:35:50'),(1424,145,49,0.50,'2023-05-11 05:35:50','2023-05-11 05:35:50'),(1425,150,49,0.50,'2023-05-11 05:35:50','2023-05-11 05:35:50'),(1426,153,49,0.50,'2023-05-11 05:35:51','2023-05-11 05:35:51'),(1427,159,49,0.50,'2023-05-11 05:35:51','2023-05-11 05:35:51'),(1428,161,49,0.50,'2023-05-11 05:35:51','2023-05-11 05:35:51'),(1429,167,49,0.50,'2023-05-11 05:35:52','2023-05-11 05:35:52'),(1430,170,49,0.50,'2023-05-11 05:35:52','2023-05-11 05:35:52'),(1431,172,49,0.50,'2023-05-11 05:35:52','2023-05-11 05:35:52'),(1432,174,49,0.50,'2023-05-11 05:35:53','2023-05-11 05:35:53'),(1433,175,49,0.50,'2023-05-11 05:35:53','2023-05-11 05:35:53'),(1434,176,49,0.50,'2023-05-11 05:35:53','2023-05-11 05:35:53'),(1435,178,49,0.50,'2023-05-11 05:35:54','2023-05-11 05:35:54'),(1436,182,49,0.50,'2023-05-11 05:35:54','2023-05-11 05:35:54'),(1437,183,49,0.50,'2023-05-11 05:35:56','2023-05-11 05:35:56'),(1438,184,49,0.50,'2023-05-11 05:35:57','2023-05-11 05:35:57'),(1439,187,49,0.50,'2023-05-11 05:35:58','2023-05-11 05:35:58'),(1440,188,49,0.50,'2023-05-11 05:35:58','2023-05-11 05:35:58'),(1441,191,49,0.50,'2023-05-11 05:35:59','2023-05-11 05:35:59'),(1442,195,49,0.50,'2023-05-11 05:36:00','2023-05-11 05:36:00'),(1443,196,49,0.50,'2023-05-11 05:36:00','2023-05-11 05:36:00'),(1444,3,50,0.50,'2023-05-11 05:36:01','2023-05-11 05:36:01'),(1445,5,50,0.50,'2023-05-11 05:36:02','2023-05-11 05:36:02'),(1446,6,50,0.50,'2023-05-11 05:36:02','2023-05-11 05:36:02'),(1447,7,50,0.50,'2023-05-11 05:36:03','2023-05-11 05:36:03'),(1448,9,50,0.50,'2023-05-11 05:36:03','2023-05-11 05:36:03'),(1449,12,50,0.50,'2023-05-11 05:36:03','2023-05-11 05:36:03'),(1450,14,50,0.50,'2023-05-11 05:36:04','2023-05-11 05:36:04'),(1451,15,50,0.50,'2023-05-11 05:36:04','2023-05-11 05:36:04'),(1452,28,50,0.50,'2023-05-11 05:36:04','2023-05-11 05:36:04'),(1453,30,50,0.50,'2023-05-11 05:36:05','2023-05-11 05:36:05'),(1454,34,50,0.50,'2023-05-11 05:36:05','2023-05-11 05:36:05'),(1455,41,50,0.50,'2023-05-11 05:36:05','2023-05-11 05:36:05'),(1456,42,50,0.50,'2023-05-11 05:36:06','2023-05-11 05:36:06'),(1457,43,50,0.50,'2023-05-11 05:36:06','2023-05-11 05:36:06'),(1458,44,50,0.50,'2023-05-11 05:36:06','2023-05-11 05:36:06'),(1459,51,50,0.50,'2023-05-11 05:36:07','2023-05-11 05:36:07'),(1460,53,50,0.50,'2023-05-11 05:36:07','2023-05-11 05:36:07'),(1461,54,50,0.50,'2023-05-11 05:36:07','2023-05-11 05:36:07'),(1462,55,50,0.50,'2023-05-11 05:36:08','2023-05-11 05:36:08'),(1463,59,50,0.50,'2023-05-11 05:36:08','2023-05-11 05:36:08'),(1464,65,50,0.50,'2023-05-11 05:36:09','2023-05-11 05:36:09'),(1465,66,50,0.50,'2023-05-11 05:36:09','2023-05-11 05:36:09'),(1466,68,50,0.50,'2023-05-11 05:36:09','2023-05-11 05:36:09'),(1467,69,50,0.50,'2023-05-11 05:36:10','2023-05-11 05:36:10'),(1468,70,50,0.50,'2023-05-11 05:36:10','2023-05-11 05:36:10'),(1469,73,50,0.50,'2023-05-11 05:36:10','2023-05-11 05:36:10'),(1470,74,50,0.50,'2023-05-11 05:36:11','2023-05-11 05:36:11'),(1471,75,50,0.50,'2023-05-11 05:36:11','2023-05-11 05:36:11'),(1472,76,50,0.50,'2023-05-11 05:36:11','2023-05-11 05:36:11'),(1473,77,50,0.50,'2023-05-11 05:36:12','2023-05-11 05:36:12'),(1474,88,50,0.50,'2023-05-11 05:36:12','2023-05-11 05:36:12'),(1475,92,50,0.50,'2023-05-11 05:36:13','2023-05-11 05:36:13'),(1476,95,50,0.50,'2023-05-11 05:36:13','2023-05-11 05:36:13'),(1477,110,50,0.50,'2023-05-11 05:36:14','2023-05-11 05:36:14'),(1478,112,50,0.50,'2023-05-11 05:36:15','2023-05-11 05:36:15'),(1479,113,50,0.50,'2023-05-11 05:36:15','2023-05-11 05:36:15'),(1480,114,50,0.50,'2023-05-11 05:36:15','2023-05-11 05:36:15'),(1481,115,50,0.50,'2023-05-11 05:36:15','2023-05-11 05:36:15'),(1482,117,50,0.50,'2023-05-11 05:36:16','2023-05-11 05:36:16'),(1483,120,50,0.50,'2023-05-11 05:36:16','2023-05-11 05:36:16'),(1484,121,50,0.50,'2023-05-11 05:36:17','2023-05-11 05:36:17'),(1485,122,50,0.50,'2023-05-11 05:36:17','2023-05-11 05:36:17'),(1486,124,50,0.50,'2023-05-11 05:36:18','2023-05-11 05:36:18'),(1487,125,50,0.50,'2023-05-11 05:36:18','2023-05-11 05:36:18'),(1488,126,50,0.50,'2023-05-11 05:36:18','2023-05-11 05:36:18'),(1489,129,50,0.50,'2023-05-11 05:36:19','2023-05-11 05:36:19'),(1490,132,50,0.50,'2023-05-11 05:36:19','2023-05-11 05:36:19'),(1491,138,50,0.50,'2023-05-11 05:36:19','2023-05-11 05:36:19'),(1492,140,50,0.50,'2023-05-11 05:36:20','2023-05-11 05:36:20'),(1493,144,50,0.50,'2023-05-11 05:36:20','2023-05-11 05:36:20'),(1494,147,50,0.50,'2023-05-11 05:36:20','2023-05-11 05:36:20'),(1495,148,50,0.50,'2023-05-11 05:36:20','2023-05-11 05:36:20'),(1496,149,50,0.50,'2023-05-11 05:36:21','2023-05-11 05:36:21'),(1497,157,50,0.50,'2023-05-11 05:36:21','2023-05-11 05:36:21'),(1498,160,50,0.50,'2023-05-11 05:36:22','2023-05-11 05:36:22'),(1499,171,50,0.50,'2023-05-11 05:36:22','2023-05-11 05:36:22'),(1500,173,50,0.50,'2023-05-11 05:36:23','2023-05-11 05:36:23'),(1501,174,50,0.50,'2023-05-11 05:36:23','2023-05-11 05:36:23'),(1502,175,50,0.50,'2023-05-11 05:36:24','2023-05-11 05:36:24'),(1503,176,50,0.50,'2023-05-11 05:36:24','2023-05-11 05:36:24'),(1504,183,50,0.50,'2023-05-11 05:36:24','2023-05-11 05:36:24'),(1505,187,50,0.50,'2023-05-11 05:36:25','2023-05-11 05:36:25'),(1506,190,50,0.50,'2023-05-11 05:36:25','2023-05-11 05:36:25'),(1507,191,50,0.50,'2023-05-11 05:36:26','2023-05-11 05:36:26'),(1508,192,50,0.50,'2023-05-11 05:36:26','2023-05-11 05:36:26'),(1509,194,50,0.50,'2023-05-11 05:36:27','2023-05-11 05:36:27'),(1510,29,51,0.50,'2023-05-11 05:36:28','2023-05-11 05:36:28'),(1511,61,51,0.50,'2023-05-11 05:36:28','2023-05-11 05:36:28'),(1512,92,51,0.50,'2023-05-11 05:36:28','2023-05-11 05:36:28'),(1513,101,51,0.50,'2023-05-11 05:36:29','2023-05-11 05:36:29'),(1514,107,51,0.50,'2023-05-11 05:36:29','2023-05-11 05:36:29'),(1515,108,51,0.50,'2023-05-11 05:36:29','2023-05-11 05:36:29'),(1516,132,51,0.50,'2023-05-11 05:36:30','2023-05-11 05:36:30'),(1517,139,51,0.50,'2023-05-11 05:36:30','2023-05-11 05:36:30'),(1518,141,51,0.50,'2023-05-11 05:36:31','2023-05-11 05:36:31'),(1519,143,51,0.50,'2023-05-11 05:36:31','2023-05-11 05:36:31'),(1520,145,51,0.50,'2023-05-11 05:36:32','2023-05-11 05:36:32'),(1521,179,51,0.50,'2023-05-11 05:36:34','2023-05-11 05:36:34'),(1522,197,51,0.50,'2023-05-11 05:36:35','2023-05-11 05:36:35'),(1523,14,52,0.50,'2023-05-11 05:36:35','2023-05-11 05:36:35'),(1524,20,52,0.50,'2023-05-11 05:36:36','2023-05-11 05:36:36'),(1525,24,52,0.50,'2023-05-11 05:36:36','2023-05-11 05:36:36'),(1526,38,52,0.50,'2023-05-11 05:36:37','2023-05-11 05:36:37'),(1527,55,52,0.50,'2023-05-11 05:36:38','2023-05-11 05:36:38'),(1528,61,52,0.50,'2023-05-11 05:36:38','2023-05-11 05:36:38'),(1529,74,52,0.50,'2023-05-11 05:36:39','2023-05-11 05:36:39'),(1530,77,52,0.50,'2023-05-11 05:36:39','2023-05-11 05:36:39'),(1531,80,52,0.50,'2023-05-11 05:36:40','2023-05-11 05:36:40'),(1532,81,52,0.50,'2023-05-11 05:36:40','2023-05-11 05:36:40'),(1533,83,52,0.50,'2023-05-11 05:36:40','2023-05-11 05:36:40'),(1534,84,52,0.50,'2023-05-11 05:36:41','2023-05-11 05:36:41'),(1535,102,52,0.50,'2023-05-11 05:36:41','2023-05-11 05:36:41'),(1536,110,52,0.50,'2023-05-11 05:36:41','2023-05-11 05:36:41'),(1537,125,52,0.50,'2023-05-11 05:36:42','2023-05-11 05:36:42'),(1538,130,52,0.50,'2023-05-11 05:36:42','2023-05-11 05:36:42'),(1539,152,52,0.50,'2023-05-11 05:36:42','2023-05-11 05:36:42'),(1540,158,52,0.50,'2023-05-11 05:36:44','2023-05-11 05:36:44'),(1541,170,52,0.50,'2023-05-11 05:36:44','2023-05-11 05:36:44'),(1542,177,52,0.50,'2023-05-11 05:36:45','2023-05-11 05:36:45'),(1543,188,52,0.50,'2023-05-11 05:36:45','2023-05-11 05:36:45'),(1544,2,53,0.50,'2023-05-11 05:36:45','2023-05-11 05:36:45'),(1545,12,53,0.50,'2023-05-11 05:36:45','2023-05-11 05:36:45'),(1546,13,53,0.50,'2023-05-11 05:36:46','2023-05-11 05:36:46'),(1547,21,53,0.50,'2023-05-11 05:36:46','2023-05-11 05:36:46'),(1548,35,53,0.50,'2023-05-11 05:36:47','2023-05-11 05:36:47'),(1549,36,53,0.50,'2023-05-11 05:36:47','2023-05-11 05:36:47'),(1550,45,53,0.50,'2023-05-11 05:36:47','2023-05-11 05:36:47'),(1551,49,53,0.50,'2023-05-11 05:36:47','2023-05-11 05:36:47'),(1552,51,53,0.50,'2023-05-11 05:36:47','2023-05-11 05:36:47'),(1553,54,53,0.50,'2023-05-11 05:36:48','2023-05-11 05:36:48'),(1554,58,53,0.50,'2023-05-11 05:36:48','2023-05-11 05:36:48'),(1555,70,53,0.50,'2023-05-11 05:36:48','2023-05-11 05:36:48'),(1556,73,53,0.50,'2023-05-11 05:36:48','2023-05-11 05:36:48'),(1557,83,53,0.50,'2023-05-11 05:36:49','2023-05-11 05:36:49'),(1558,84,53,0.50,'2023-05-11 05:36:49','2023-05-11 05:36:49'),(1559,87,53,0.50,'2023-05-11 05:36:49','2023-05-11 05:36:49'),(1560,93,53,0.50,'2023-05-11 05:36:50','2023-05-11 05:36:50'),(1561,94,53,0.50,'2023-05-11 05:36:50','2023-05-11 05:36:50'),(1562,100,53,0.50,'2023-05-11 05:36:50','2023-05-11 05:36:50'),(1563,105,53,0.50,'2023-05-11 05:36:50','2023-05-11 05:36:50'),(1564,106,53,0.50,'2023-05-11 05:36:50','2023-05-11 05:36:50'),(1565,109,53,0.50,'2023-05-11 05:36:51','2023-05-11 05:36:51'),(1566,115,53,0.50,'2023-05-11 05:36:51','2023-05-11 05:36:51'),(1567,116,53,0.50,'2023-05-11 05:36:51','2023-05-11 05:36:51'),(1568,120,53,0.50,'2023-05-11 05:36:51','2023-05-11 05:36:51'),(1569,123,53,0.50,'2023-05-11 05:36:51','2023-05-11 05:36:51'),(1570,125,53,0.50,'2023-05-11 05:36:52','2023-05-11 05:36:52'),(1571,127,53,0.50,'2023-05-11 05:36:52','2023-05-11 05:36:52'),(1572,137,53,0.50,'2023-05-11 05:36:52','2023-05-11 05:36:52'),(1573,140,53,0.50,'2023-05-11 05:36:52','2023-05-11 05:36:52'),(1574,141,53,0.50,'2023-05-11 05:36:52','2023-05-11 05:36:52'),(1575,151,53,0.50,'2023-05-11 05:36:53','2023-05-11 05:36:53'),(1576,154,53,0.50,'2023-05-11 05:36:53','2023-05-11 05:36:53'),(1577,158,53,0.50,'2023-05-11 05:36:53','2023-05-11 05:36:53'),(1578,166,53,0.50,'2023-05-11 05:36:53','2023-05-11 05:36:53'),(1579,169,53,0.50,'2023-05-11 05:36:53','2023-05-11 05:36:53'),(1580,170,53,0.50,'2023-05-11 05:36:53','2023-05-11 05:36:53'),(1581,173,53,0.50,'2023-05-11 05:36:54','2023-05-11 05:36:54'),(1582,179,53,0.50,'2023-05-11 05:36:54','2023-05-11 05:36:54'),(1583,181,53,0.50,'2023-05-11 05:36:54','2023-05-11 05:36:54'),(1584,185,53,0.50,'2023-05-11 05:36:54','2023-05-11 05:36:54'),(1585,190,53,0.50,'2023-05-11 05:36:54','2023-05-11 05:36:54'),(1586,196,53,0.50,'2023-05-11 05:36:55','2023-05-11 05:36:55'),(1587,1,54,0.50,'2023-05-11 05:36:55','2023-05-11 05:36:55'),(1588,3,54,0.50,'2023-05-11 05:36:55','2023-05-11 05:36:55'),(1589,4,54,0.50,'2023-05-11 05:36:55','2023-05-11 05:36:55'),(1590,9,54,0.50,'2023-05-11 05:36:55','2023-05-11 05:36:55'),(1591,12,54,0.50,'2023-05-11 05:36:56','2023-05-11 05:36:56'),(1592,20,54,0.50,'2023-05-11 05:36:56','2023-05-11 05:36:56'),(1593,21,54,0.50,'2023-05-11 05:36:56','2023-05-11 05:36:56'),(1594,22,54,0.50,'2023-05-11 05:36:56','2023-05-11 05:36:56'),(1595,23,54,0.50,'2023-05-11 05:36:57','2023-05-11 05:36:57'),(1596,24,54,0.50,'2023-05-11 05:36:57','2023-05-11 05:36:57'),(1597,28,54,0.50,'2023-05-11 05:36:57','2023-05-11 05:36:57'),(1598,32,54,0.50,'2023-05-11 05:36:57','2023-05-11 05:36:57'),(1599,33,54,0.50,'2023-05-11 05:36:58','2023-05-11 05:36:58'),(1600,41,54,0.50,'2023-05-11 05:36:58','2023-05-11 05:36:58'),(1601,54,54,0.50,'2023-05-11 05:36:59','2023-05-11 05:36:59'),(1602,55,54,0.50,'2023-05-11 05:36:59','2023-05-11 05:36:59'),(1603,60,54,0.50,'2023-05-11 05:37:00','2023-05-11 05:37:00'),(1604,62,54,0.50,'2023-05-11 05:37:00','2023-05-11 05:37:00'),(1605,68,54,0.50,'2023-05-11 05:37:00','2023-05-11 05:37:00'),(1606,70,54,0.50,'2023-05-11 05:37:00','2023-05-11 05:37:00'),(1607,71,54,0.50,'2023-05-11 05:37:01','2023-05-11 05:37:01'),(1608,73,54,0.50,'2023-05-11 05:37:01','2023-05-11 05:37:01'),(1609,74,54,0.50,'2023-05-11 05:37:01','2023-05-11 05:37:01'),(1610,75,54,0.50,'2023-05-11 05:37:01','2023-05-11 05:37:01'),(1611,76,54,0.50,'2023-05-11 05:37:02','2023-05-11 05:37:02'),(1612,78,54,0.50,'2023-05-11 05:37:02','2023-05-11 05:37:02'),(1613,82,54,0.50,'2023-05-11 05:37:02','2023-05-11 05:37:02'),(1614,86,54,0.50,'2023-05-11 05:37:02','2023-05-11 05:37:02'),(1615,90,54,0.50,'2023-05-11 05:37:02','2023-05-11 05:37:02'),(1616,92,54,0.50,'2023-05-11 05:37:03','2023-05-11 05:37:03'),(1617,94,54,0.50,'2023-05-11 05:37:03','2023-05-11 05:37:03'),(1618,98,54,0.50,'2023-05-11 05:37:03','2023-05-11 05:37:03'),(1619,99,54,0.50,'2023-05-11 05:37:04','2023-05-11 05:37:04'),(1620,101,54,0.50,'2023-05-11 05:37:04','2023-05-11 05:37:04'),(1621,102,54,0.50,'2023-05-11 05:37:04','2023-05-11 05:37:04'),(1622,112,54,0.50,'2023-05-11 05:37:05','2023-05-11 05:37:05'),(1623,113,54,0.50,'2023-05-11 05:37:05','2023-05-11 05:37:05'),(1624,115,54,0.50,'2023-05-11 05:37:05','2023-05-11 05:37:05'),(1625,116,54,0.50,'2023-05-11 05:37:05','2023-05-11 05:37:05'),(1626,119,54,0.50,'2023-05-11 05:37:06','2023-05-11 05:37:06'),(1627,120,54,0.50,'2023-05-11 05:37:06','2023-05-11 05:37:06'),(1628,123,54,0.50,'2023-05-11 05:37:06','2023-05-11 05:37:06'),(1629,126,54,0.50,'2023-05-11 05:37:06','2023-05-11 05:37:06'),(1630,130,54,0.50,'2023-05-11 05:37:06','2023-05-11 05:37:06'),(1631,131,54,0.50,'2023-05-11 05:37:07','2023-05-11 05:37:07'),(1632,133,54,0.50,'2023-05-11 05:37:07','2023-05-11 05:37:07'),(1633,134,54,0.50,'2023-05-11 05:37:08','2023-05-11 05:37:08'),(1634,135,54,0.50,'2023-05-11 05:37:08','2023-05-11 05:37:08'),(1635,138,54,0.50,'2023-05-11 05:37:08','2023-05-11 05:37:08'),(1636,139,54,0.50,'2023-05-11 05:37:09','2023-05-11 05:37:09'),(1637,140,54,0.50,'2023-05-11 05:37:09','2023-05-11 05:37:09'),(1638,143,54,0.50,'2023-05-11 05:37:09','2023-05-11 05:37:09'),(1639,150,54,0.50,'2023-05-11 05:37:09','2023-05-11 05:37:09'),(1640,154,54,0.50,'2023-05-11 05:37:09','2023-05-11 05:37:09'),(1641,160,54,0.50,'2023-05-11 05:37:10','2023-05-11 05:37:10'),(1642,163,54,0.50,'2023-05-11 05:37:10','2023-05-11 05:37:10'),(1643,164,54,0.50,'2023-05-11 05:37:10','2023-05-11 05:37:10'),(1644,171,54,0.50,'2023-05-11 05:37:10','2023-05-11 05:37:10'),(1645,176,54,0.50,'2023-05-11 05:37:10','2023-05-11 05:37:10'),(1646,178,54,0.50,'2023-05-11 05:37:11','2023-05-11 05:37:11'),(1647,179,54,0.50,'2023-05-11 05:37:11','2023-05-11 05:37:11'),(1648,181,54,0.50,'2023-05-11 05:37:11','2023-05-11 05:37:11'),(1649,184,54,0.50,'2023-05-11 05:37:11','2023-05-11 05:37:11'),(1650,187,54,0.50,'2023-05-11 05:37:12','2023-05-11 05:37:12'),(1651,193,54,0.50,'2023-05-11 05:37:12','2023-05-11 05:37:12'),(1652,195,54,0.50,'2023-05-11 05:37:12','2023-05-11 05:37:12'),(1653,198,54,0.50,'2023-05-11 05:37:12','2023-05-11 05:37:12'),(1654,199,54,0.50,'2023-05-11 05:37:12','2023-05-11 05:37:12'),(1655,3,55,0.50,'2023-05-11 05:37:13','2023-05-11 05:37:13'),(1656,5,55,0.50,'2023-05-11 05:37:13','2023-05-11 05:37:13'),(1657,7,55,0.50,'2023-05-11 05:37:13','2023-05-11 05:37:13'),(1658,8,55,0.50,'2023-05-11 05:37:13','2023-05-11 05:37:13'),(1659,9,55,0.50,'2023-05-11 05:37:13','2023-05-11 05:37:13'),(1660,12,55,0.50,'2023-05-11 05:37:14','2023-05-11 05:37:14'),(1661,14,55,0.50,'2023-05-11 05:37:14','2023-05-11 05:37:14'),(1662,15,55,0.50,'2023-05-11 05:37:14','2023-05-11 05:37:14'),(1663,17,55,0.50,'2023-05-11 05:37:14','2023-05-11 05:37:14'),(1664,20,55,0.50,'2023-05-11 05:37:15','2023-05-11 05:37:15'),(1665,22,55,0.50,'2023-05-11 05:37:15','2023-05-11 05:37:15'),(1666,23,55,0.50,'2023-05-11 05:37:15','2023-05-11 05:37:15'),(1667,25,55,0.50,'2023-05-11 05:37:15','2023-05-11 05:37:15'),(1668,28,55,0.50,'2023-05-11 05:37:15','2023-05-11 05:37:15'),(1669,29,55,0.50,'2023-05-11 05:37:16','2023-05-11 05:37:16'),(1670,30,55,0.50,'2023-05-11 05:37:16','2023-05-11 05:37:16'),(1671,31,55,0.50,'2023-05-11 05:37:16','2023-05-11 05:37:16'),(1672,32,55,0.50,'2023-05-11 05:37:16','2023-05-11 05:37:16'),(1673,35,55,0.50,'2023-05-11 05:37:17','2023-05-11 05:37:17'),(1674,43,55,0.50,'2023-05-11 05:37:17','2023-05-11 05:37:17'),(1675,44,55,0.50,'2023-05-11 05:37:17','2023-05-11 05:37:17'),(1676,45,55,0.50,'2023-05-11 05:37:17','2023-05-11 05:37:17'),(1677,52,55,0.50,'2023-05-11 05:37:17','2023-05-11 05:37:17'),(1678,53,55,0.50,'2023-05-11 05:37:17','2023-05-11 05:37:17'),(1679,64,55,0.50,'2023-05-11 05:37:18','2023-05-11 05:37:18'),(1680,65,55,0.50,'2023-05-11 05:37:18','2023-05-11 05:37:18'),(1681,67,55,0.50,'2023-05-11 05:37:18','2023-05-11 05:37:18'),(1682,72,55,0.50,'2023-05-11 05:37:18','2023-05-11 05:37:18'),(1683,78,55,0.50,'2023-05-11 05:37:19','2023-05-11 05:37:19'),(1684,83,55,0.50,'2023-05-11 05:37:19','2023-05-11 05:37:19'),(1685,84,55,0.50,'2023-05-11 05:37:19','2023-05-11 05:37:19'),(1686,86,55,0.50,'2023-05-11 05:37:19','2023-05-11 05:37:19'),(1687,89,55,0.50,'2023-05-11 05:37:20','2023-05-11 05:37:20'),(1688,90,55,0.50,'2023-05-11 05:37:20','2023-05-11 05:37:20'),(1689,92,55,0.50,'2023-05-11 05:37:20','2023-05-11 05:37:20'),(1690,93,55,0.50,'2023-05-11 05:37:20','2023-05-11 05:37:20'),(1691,94,55,0.50,'2023-05-11 05:37:21','2023-05-11 05:37:21'),(1692,95,55,0.50,'2023-05-11 05:37:21','2023-05-11 05:37:21'),(1693,99,55,0.50,'2023-05-11 05:37:21','2023-05-11 05:37:21'),(1694,100,55,0.50,'2023-05-11 05:37:21','2023-05-11 05:37:21'),(1695,105,55,0.50,'2023-05-11 05:37:22','2023-05-11 05:37:22'),(1696,108,55,0.50,'2023-05-11 05:37:22','2023-05-11 05:37:22'),(1697,118,55,0.50,'2023-05-11 05:37:22','2023-05-11 05:37:22'),(1698,125,55,0.50,'2023-05-11 05:37:22','2023-05-11 05:37:22'),(1699,127,55,0.50,'2023-05-11 05:37:22','2023-05-11 05:37:22'),(1700,143,55,0.50,'2023-05-11 05:37:23','2023-05-11 05:37:23'),(1701,153,55,0.50,'2023-05-11 05:37:23','2023-05-11 05:37:23'),(1702,154,55,0.50,'2023-05-11 05:37:23','2023-05-11 05:37:23'),(1703,155,55,0.50,'2023-05-11 05:37:23','2023-05-11 05:37:23'),(1704,156,55,0.50,'2023-05-11 05:37:23','2023-05-11 05:37:23'),(1705,164,55,0.50,'2023-05-11 05:37:24','2023-05-11 05:37:24'),(1706,166,55,0.50,'2023-05-11 05:37:24','2023-05-11 05:37:24'),(1707,168,55,0.50,'2023-05-11 05:37:24','2023-05-11 05:37:24'),(1708,173,55,0.50,'2023-05-11 05:37:24','2023-05-11 05:37:24'),(1709,176,55,0.50,'2023-05-11 05:37:25','2023-05-11 05:37:25'),(1710,180,55,0.50,'2023-05-11 05:37:25','2023-05-11 05:37:25'),(1711,181,55,0.50,'2023-05-11 05:37:25','2023-05-11 05:37:25'),(1712,193,55,0.50,'2023-05-11 05:37:25','2023-05-11 05:37:25'),(1713,194,55,0.50,'2023-05-11 05:37:25','2023-05-11 05:37:25'),(1714,199,55,0.50,'2023-05-11 05:37:26','2023-05-11 05:37:26'),(1715,200,55,0.50,'2023-05-11 05:37:26','2023-05-11 05:37:26'),(1716,96,56,0.50,'2023-05-11 05:37:26','2023-05-11 05:37:26'),(1717,183,56,0.50,'2023-05-11 05:37:26','2023-05-11 05:37:26'),(1718,3,57,0.50,'2023-05-11 05:37:27','2023-05-11 05:37:27'),(1719,6,57,0.50,'2023-05-11 05:37:27','2023-05-11 05:37:27'),(1720,10,57,0.50,'2023-05-11 05:37:27','2023-05-11 05:37:27'),(1721,12,57,0.50,'2023-05-11 05:37:27','2023-05-11 05:37:27'),(1722,16,57,0.50,'2023-05-11 05:37:27','2023-05-11 05:37:27'),(1723,21,57,0.50,'2023-05-11 05:37:28','2023-05-11 05:37:28'),(1724,22,57,0.50,'2023-05-11 05:37:28','2023-05-11 05:37:28'),(1725,27,57,0.50,'2023-05-11 05:37:28','2023-05-11 05:37:28'),(1726,32,57,0.50,'2023-05-11 05:37:28','2023-05-11 05:37:28'),(1727,34,57,0.50,'2023-05-11 05:37:28','2023-05-11 05:37:28'),(1728,40,57,0.50,'2023-05-11 05:37:28','2023-05-11 05:37:28'),(1729,51,57,0.50,'2023-05-11 05:37:29','2023-05-11 05:37:29'),(1730,52,57,0.50,'2023-05-11 05:37:29','2023-05-11 05:37:29'),(1731,53,57,0.50,'2023-05-11 05:37:30','2023-05-11 05:37:30'),(1732,54,57,0.50,'2023-05-11 05:37:30','2023-05-11 05:37:30'),(1733,55,57,0.50,'2023-05-11 05:37:30','2023-05-11 05:37:30'),(1734,57,57,0.50,'2023-05-11 05:37:30','2023-05-11 05:37:30'),(1735,59,57,0.50,'2023-05-11 05:37:31','2023-05-11 05:37:31'),(1736,61,57,0.50,'2023-05-11 05:37:32','2023-05-11 05:37:32'),(1737,63,57,0.50,'2023-05-11 05:37:32','2023-05-11 05:37:32'),(1738,65,57,0.50,'2023-05-11 05:37:32','2023-05-11 05:37:32'),(1739,69,57,0.50,'2023-05-11 05:37:32','2023-05-11 05:37:32'),(1740,70,57,0.50,'2023-05-11 05:37:33','2023-05-11 05:37:33'),(1741,76,57,0.50,'2023-05-11 05:37:33','2023-05-11 05:37:33'),(1742,77,57,0.50,'2023-05-11 05:37:34','2023-05-11 05:37:34'),(1743,81,57,0.50,'2023-05-11 05:37:34','2023-05-11 05:37:34'),(1744,87,57,0.50,'2023-05-11 05:37:34','2023-05-11 05:37:34'),(1745,88,57,0.50,'2023-05-11 05:37:34','2023-05-11 05:37:34'),(1746,89,57,0.50,'2023-05-11 05:37:35','2023-05-11 05:37:35'),(1747,90,57,0.50,'2023-05-11 05:37:35','2023-05-11 05:37:35'),(1748,92,57,0.50,'2023-05-11 05:37:36','2023-05-11 05:37:36'),(1749,97,57,0.50,'2023-05-11 05:37:36','2023-05-11 05:37:36'),(1750,107,57,0.50,'2023-05-11 05:37:36','2023-05-11 05:37:36'),(1751,111,57,0.50,'2023-05-11 05:37:37','2023-05-11 05:37:37'),(1752,113,57,0.50,'2023-05-11 05:37:37','2023-05-11 05:37:37'),(1753,115,57,0.50,'2023-05-11 05:37:37','2023-05-11 05:37:37'),(1754,116,57,0.50,'2023-05-11 05:37:37','2023-05-11 05:37:37'),(1755,120,57,0.50,'2023-05-11 05:37:38','2023-05-11 05:37:38'),(1756,123,57,0.50,'2023-05-11 05:37:38','2023-05-11 05:37:38'),(1757,124,57,0.50,'2023-05-11 05:37:38','2023-05-11 05:37:38'),(1758,126,57,0.50,'2023-05-11 05:37:39','2023-05-11 05:37:39'),(1759,127,57,0.50,'2023-05-11 05:37:39','2023-05-11 05:37:39'),(1760,130,57,0.50,'2023-05-11 05:37:39','2023-05-11 05:37:39'),(1761,135,57,0.50,'2023-05-11 05:37:40','2023-05-11 05:37:40'),(1762,136,57,0.50,'2023-05-11 05:37:40','2023-05-11 05:37:40'),(1763,138,57,0.50,'2023-05-11 05:37:40','2023-05-11 05:37:40'),(1764,149,57,0.50,'2023-05-11 05:37:41','2023-05-11 05:37:41'),(1765,150,57,0.50,'2023-05-11 05:37:41','2023-05-11 05:37:41'),(1766,156,57,0.50,'2023-05-11 05:37:41','2023-05-11 05:37:41'),(1767,158,57,0.50,'2023-05-11 05:37:41','2023-05-11 05:37:41'),(1768,159,57,0.50,'2023-05-11 05:37:42','2023-05-11 05:37:42'),(1769,163,57,0.50,'2023-05-11 05:37:42','2023-05-11 05:37:42'),(1770,167,57,0.50,'2023-05-11 05:37:42','2023-05-11 05:37:42'),(1771,169,57,0.50,'2023-05-11 05:37:43','2023-05-11 05:37:43'),(1772,170,57,0.50,'2023-05-11 05:37:43','2023-05-11 05:37:43'),(1773,172,57,0.50,'2023-05-11 05:37:43','2023-05-11 05:37:43'),(1774,175,57,0.50,'2023-05-11 05:37:43','2023-05-11 05:37:43'),(1775,177,57,0.50,'2023-05-11 05:37:44','2023-05-11 05:37:44'),(1776,178,57,0.50,'2023-05-11 05:37:44','2023-05-11 05:37:44'),(1777,181,57,0.50,'2023-05-11 05:37:44','2023-05-11 05:37:44'),(1778,196,57,0.50,'2023-05-11 05:37:44','2023-05-11 05:37:44'),(1779,200,57,0.50,'2023-05-11 05:37:44','2023-05-11 05:37:44'),(1780,41,58,0.50,'2023-05-11 05:37:45','2023-05-11 05:37:45'),(1781,88,58,0.50,'2023-05-11 05:37:45','2023-05-11 05:37:45'),(1782,126,58,0.50,'2023-05-11 05:37:45','2023-05-11 05:37:45'),(1783,163,58,0.50,'2023-05-11 05:37:45','2023-05-11 05:37:45'),(1784,193,58,0.50,'2023-05-11 05:37:45','2023-05-11 05:37:45'),(1785,3,59,0.50,'2023-05-11 05:37:46','2023-05-11 05:37:46'),(1786,4,59,0.50,'2023-05-11 05:37:46','2023-05-11 05:37:46'),(1787,5,59,0.50,'2023-05-11 05:37:46','2023-05-11 05:37:46'),(1788,8,59,0.50,'2023-05-11 05:37:46','2023-05-11 05:37:46'),(1789,9,59,0.50,'2023-05-11 05:37:46','2023-05-11 05:37:46'),(1790,12,59,0.50,'2023-05-11 05:37:47','2023-05-11 05:37:47'),(1791,15,59,0.50,'2023-05-11 05:37:47','2023-05-11 05:37:47'),(1792,18,59,0.50,'2023-05-11 05:37:47','2023-05-11 05:37:47'),(1793,19,59,0.50,'2023-05-11 05:37:47','2023-05-11 05:37:47'),(1794,20,59,0.50,'2023-05-11 05:37:48','2023-05-11 05:37:48'),(1795,21,59,0.50,'2023-05-11 05:37:48','2023-05-11 05:37:48'),(1796,22,59,0.50,'2023-05-11 05:37:48','2023-05-11 05:37:48'),(1797,24,59,0.50,'2023-05-11 05:37:48','2023-05-11 05:37:48'),(1798,27,59,0.50,'2023-05-11 05:37:48','2023-05-11 05:37:48'),(1799,31,59,0.50,'2023-05-11 05:37:49','2023-05-11 05:37:49'),(1800,33,59,0.50,'2023-05-11 05:37:49','2023-05-11 05:37:49'),(1801,35,59,0.50,'2023-05-11 05:37:49','2023-05-11 05:37:49'),(1802,36,59,0.50,'2023-05-11 05:37:49','2023-05-11 05:37:49'),(1803,39,59,0.50,'2023-05-11 05:37:49','2023-05-11 05:37:49'),(1804,43,59,0.50,'2023-05-11 05:37:50','2023-05-11 05:37:50'),(1805,45,59,0.50,'2023-05-11 05:37:50','2023-05-11 05:37:50'),(1806,46,59,0.50,'2023-05-11 05:37:50','2023-05-11 05:37:50'),(1807,52,59,0.50,'2023-05-11 05:37:50','2023-05-11 05:37:50'),(1808,56,59,0.50,'2023-05-11 05:37:50','2023-05-11 05:37:50'),(1809,58,59,0.50,'2023-05-11 05:37:51','2023-05-11 05:37:51'),(1810,61,59,0.50,'2023-05-11 05:37:51','2023-05-11 05:37:51'),(1811,66,59,0.50,'2023-05-11 05:37:51','2023-05-11 05:37:51'),(1812,67,59,0.50,'2023-05-11 05:37:51','2023-05-11 05:37:51'),(1813,70,59,0.50,'2023-05-11 05:37:52','2023-05-11 05:37:52'),(1814,76,59,0.50,'2023-05-11 05:37:52','2023-05-11 05:37:52'),(1815,78,59,0.50,'2023-05-11 05:37:52','2023-05-11 05:37:52'),(1816,79,59,0.50,'2023-05-11 05:37:52','2023-05-11 05:37:52'),(1817,80,59,0.50,'2023-05-11 05:37:52','2023-05-11 05:37:52'),(1818,81,59,0.50,'2023-05-11 05:37:53','2023-05-11 05:37:53'),(1819,84,59,0.50,'2023-05-11 05:37:53','2023-05-11 05:37:53'),(1820,87,59,0.50,'2023-05-11 05:37:53','2023-05-11 05:37:53'),(1821,91,59,0.50,'2023-05-11 05:37:53','2023-05-11 05:37:53'),(1822,99,59,0.50,'2023-05-11 05:37:54','2023-05-11 05:37:54'),(1823,109,59,0.50,'2023-05-11 05:37:54','2023-05-11 05:37:54'),(1824,122,59,0.50,'2023-05-11 05:37:54','2023-05-11 05:37:54'),(1825,125,59,0.50,'2023-05-11 05:37:55','2023-05-11 05:37:55'),(1826,127,59,0.50,'2023-05-11 05:37:55','2023-05-11 05:37:55'),(1827,128,59,0.50,'2023-05-11 05:37:55','2023-05-11 05:37:55'),(1828,134,59,0.50,'2023-05-11 05:37:55','2023-05-11 05:37:55'),(1829,146,59,0.50,'2023-05-11 05:37:55','2023-05-11 05:37:55'),(1830,151,59,0.50,'2023-05-11 05:37:55','2023-05-11 05:37:55'),(1831,154,59,0.50,'2023-05-11 05:37:56','2023-05-11 05:37:56'),(1832,157,59,0.50,'2023-05-11 05:37:56','2023-05-11 05:37:56'),(1833,159,59,0.50,'2023-05-11 05:37:56','2023-05-11 05:37:56'),(1834,166,59,0.50,'2023-05-11 05:37:56','2023-05-11 05:37:56'),(1835,171,59,0.50,'2023-05-11 05:37:56','2023-05-11 05:37:56'),(1836,173,59,0.50,'2023-05-11 05:37:57','2023-05-11 05:37:57'),(1837,174,59,0.50,'2023-05-11 05:37:57','2023-05-11 05:37:57'),(1838,176,59,0.50,'2023-05-11 05:37:57','2023-05-11 05:37:57'),(1839,181,59,0.50,'2023-05-11 05:37:57','2023-05-11 05:37:57'),(1840,183,59,0.50,'2023-05-11 05:37:58','2023-05-11 05:37:58'),(1841,194,59,0.50,'2023-05-11 05:37:58','2023-05-11 05:37:58'),(1842,195,59,0.50,'2023-05-11 05:37:58','2023-05-11 05:37:58'),(1843,196,59,0.50,'2023-05-11 05:37:58','2023-05-11 05:37:58'),(1844,149,60,0.50,'2023-05-11 05:37:58','2023-05-11 05:37:58'),(1845,34,1,0.50,'2023-05-11 05:45:53','2023-05-11 05:45:53'),(1846,35,1,0.50,'2023-05-11 05:45:54','2023-05-11 05:45:54'),(1847,38,1,0.50,'2023-05-11 05:45:54','2023-05-11 05:45:54'),(1848,46,1,0.50,'2023-05-11 05:45:55','2023-05-11 05:45:55'),(1849,50,1,0.50,'2023-05-11 05:45:56','2023-05-11 05:45:56'),(1850,52,1,0.50,'2023-05-11 05:45:57','2023-05-11 05:45:57'),(1851,53,1,0.50,'2023-05-11 05:45:58','2023-05-11 05:45:58'),(1852,56,1,0.50,'2023-05-11 05:45:58','2023-05-11 05:45:58'),(1853,73,1,0.50,'2023-05-11 05:46:00','2023-05-11 05:46:00'),(1854,131,1,0.50,'2023-05-11 05:46:00','2023-05-11 05:46:00'),(1855,154,1,0.50,'2023-05-11 05:46:01','2023-05-11 05:46:01'),(1856,165,1,0.50,'2023-05-11 05:46:02','2023-05-11 05:46:02'),(1857,168,1,0.50,'2023-05-11 05:46:02','2023-05-11 05:46:02'),(1858,186,1,0.50,'2023-05-11 05:46:03','2023-05-11 05:46:03'),(1859,5,2,0.50,'2023-05-11 05:46:03','2023-05-11 05:46:03'),(1860,10,2,0.50,'2023-05-11 05:46:03','2023-05-11 05:46:03'),(1861,46,2,0.50,'2023-05-11 05:46:04','2023-05-11 05:46:04'),(1862,48,2,0.50,'2023-05-11 05:46:04','2023-05-11 05:46:04'),(1863,53,2,0.50,'2023-05-11 05:46:05','2023-05-11 05:46:05'),(1864,62,2,0.50,'2023-05-11 05:46:05','2023-05-11 05:46:05'),(1865,63,2,0.50,'2023-05-11 05:46:05','2023-05-11 05:46:05'),(1866,76,2,0.50,'2023-05-11 05:46:06','2023-05-11 05:46:06'),(1867,93,2,0.50,'2023-05-11 05:46:06','2023-05-11 05:46:06'),(1868,102,2,0.50,'2023-05-11 05:46:06','2023-05-11 05:46:06'),(1869,108,2,0.50,'2023-05-11 05:46:07','2023-05-11 05:46:07'),(1870,109,2,0.50,'2023-05-11 05:46:08','2023-05-11 05:46:08'),(1871,116,2,0.50,'2023-05-11 05:46:09','2023-05-11 05:46:09'),(1872,119,2,0.50,'2023-05-11 05:46:09','2023-05-11 05:46:09'),(1873,127,2,0.50,'2023-05-11 05:46:09','2023-05-11 05:46:09'),(1874,129,2,0.50,'2023-05-11 05:46:10','2023-05-11 05:46:10'),(1875,134,2,0.50,'2023-05-11 05:46:10','2023-05-11 05:46:10'),(1876,190,2,0.50,'2023-05-11 05:46:11','2023-05-11 05:46:11'),(1877,11,3,0.50,'2023-05-11 05:46:11','2023-05-11 05:46:11'),(1878,20,3,0.50,'2023-05-11 05:46:12','2023-05-11 05:46:12'),(1879,32,3,0.50,'2023-05-11 05:46:12','2023-05-11 05:46:12'),(1880,39,3,0.50,'2023-05-11 05:46:12','2023-05-11 05:46:12'),(1881,43,3,0.50,'2023-05-11 05:46:13','2023-05-11 05:46:13'),(1882,44,3,0.50,'2023-05-11 05:46:13','2023-05-11 05:46:13'),(1883,45,3,0.50,'2023-05-11 05:46:13','2023-05-11 05:46:13'),(1884,48,3,0.50,'2023-05-11 05:46:13','2023-05-11 05:46:13'),(1885,53,3,0.50,'2023-05-11 05:46:14','2023-05-11 05:46:14'),(1886,54,3,0.50,'2023-05-11 05:46:14','2023-05-11 05:46:14'),(1887,59,3,0.50,'2023-05-11 05:46:15','2023-05-11 05:46:15'),(1888,61,3,0.50,'2023-05-11 05:46:15','2023-05-11 05:46:15'),(1889,63,3,0.50,'2023-05-11 05:46:16','2023-05-11 05:46:16'),(1890,73,3,0.50,'2023-05-11 05:46:16','2023-05-11 05:46:16'),(1891,77,3,0.50,'2023-05-11 05:46:16','2023-05-11 05:46:16'),(1892,78,3,0.50,'2023-05-11 05:46:16','2023-05-11 05:46:16'),(1893,81,3,0.50,'2023-05-11 05:46:17','2023-05-11 05:46:17'),(1894,83,3,0.50,'2023-05-11 05:46:17','2023-05-11 05:46:17'),(1895,97,3,0.50,'2023-05-11 05:46:17','2023-05-11 05:46:17'),(1896,101,3,0.50,'2023-05-11 05:46:17','2023-05-11 05:46:17'),(1897,102,3,0.50,'2023-05-11 05:46:19','2023-05-11 05:46:19'),(1898,105,3,0.50,'2023-05-11 05:46:36','2023-05-11 05:46:36'),(1899,119,3,0.50,'2023-05-11 05:46:36','2023-05-11 05:46:36'),(1900,121,3,0.50,'2023-05-11 05:46:36','2023-05-11 05:46:36'),(1901,131,3,0.50,'2023-05-11 05:46:36','2023-05-11 05:46:36'),(1902,132,3,0.50,'2023-05-11 05:46:37','2023-05-11 05:46:37'),(1903,133,3,0.50,'2023-05-11 05:46:37','2023-05-11 05:46:37'),(1904,139,3,0.50,'2023-05-11 05:46:37','2023-05-11 05:46:37'),(1905,142,3,0.50,'2023-05-11 05:46:37','2023-05-11 05:46:37'),(1906,151,3,0.50,'2023-05-11 05:46:39','2023-05-11 05:46:39'),(1907,158,3,0.50,'2023-05-11 05:46:39','2023-05-11 05:46:39'),(1908,165,3,0.50,'2023-05-11 05:46:39','2023-05-11 05:46:39'),(1909,166,3,0.50,'2023-05-11 05:46:39','2023-05-11 05:46:39'),(1910,167,3,0.50,'2023-05-11 05:46:40','2023-05-11 05:46:40'),(1911,170,3,0.50,'2023-05-11 05:46:40','2023-05-11 05:46:40'),(1912,171,3,0.50,'2023-05-11 05:46:40','2023-05-11 05:46:40'),(1913,172,3,0.50,'2023-05-11 05:46:40','2023-05-11 05:46:40'),(1914,179,3,0.50,'2023-05-11 05:46:40','2023-05-11 05:46:40'),(1915,185,3,0.50,'2023-05-11 05:46:41','2023-05-11 05:46:41'),(1916,198,3,0.50,'2023-05-11 05:46:41','2023-05-11 05:46:41'),(1917,2,5,0.50,'2023-05-11 05:46:41','2023-05-11 05:46:41'),(1918,7,5,0.50,'2023-05-11 05:46:41','2023-05-11 05:46:41'),(1919,9,5,0.50,'2023-05-11 05:46:41','2023-05-11 05:46:41'),(1920,11,5,0.50,'2023-05-11 05:46:42','2023-05-11 05:46:42'),(1921,27,5,0.50,'2023-05-11 05:46:42','2023-05-11 05:46:42'),(1922,28,5,0.50,'2023-05-11 05:46:42','2023-05-11 05:46:42'),(1923,32,5,0.50,'2023-05-11 05:46:42','2023-05-11 05:46:42'),(1924,35,5,0.50,'2023-05-11 05:46:42','2023-05-11 05:46:42'),(1925,48,5,0.50,'2023-05-11 05:46:43','2023-05-11 05:46:43'),(1926,51,5,0.50,'2023-05-11 05:46:43','2023-05-11 05:46:43'),(1927,52,5,0.50,'2023-05-11 05:46:43','2023-05-11 05:46:43'),(1928,57,5,0.50,'2023-05-11 05:46:44','2023-05-11 05:46:44'),(1929,61,5,0.50,'2023-05-11 05:46:45','2023-05-11 05:46:45'),(1930,74,5,0.50,'2023-05-11 05:46:45','2023-05-11 05:46:45'),(1931,80,5,0.50,'2023-05-11 05:46:45','2023-05-11 05:46:45'),(1932,83,5,0.50,'2023-05-11 05:46:45','2023-05-11 05:46:45'),(1933,84,5,0.50,'2023-05-11 05:46:46','2023-05-11 05:46:46'),(1934,85,5,0.50,'2023-05-11 05:46:46','2023-05-11 05:46:46'),(1935,88,5,0.50,'2023-05-11 05:46:46','2023-05-11 05:46:46'),(1936,90,5,0.50,'2023-05-11 05:46:46','2023-05-11 05:46:46'),(1937,91,5,0.50,'2023-05-11 05:46:46','2023-05-11 05:46:46'),(1938,93,5,0.50,'2023-05-11 05:46:46','2023-05-11 05:46:46'),(1939,95,5,0.50,'2023-05-11 05:46:46','2023-05-11 05:46:46'),(1940,96,5,0.50,'2023-05-11 05:46:46','2023-05-11 05:46:46'),(1941,105,5,0.50,'2023-05-11 05:46:46','2023-05-11 05:46:46'),(1942,107,5,0.50,'2023-05-11 05:46:47','2023-05-11 05:46:47'),(1943,109,5,0.50,'2023-05-11 05:46:47','2023-05-11 05:46:47'),(1944,116,5,0.50,'2023-05-11 05:46:47','2023-05-11 05:46:47'),(1945,118,5,0.50,'2023-05-11 05:46:47','2023-05-11 05:46:47'),(1946,119,5,0.50,'2023-05-11 05:46:47','2023-05-11 05:46:47'),(1947,123,5,0.50,'2023-05-11 05:46:47','2023-05-11 05:46:47'),(1948,127,5,0.50,'2023-05-11 05:46:47','2023-05-11 05:46:47'),(1949,132,5,0.50,'2023-05-11 05:46:48','2023-05-11 05:46:48'),(1950,135,5,0.50,'2023-05-11 05:46:48','2023-05-11 05:46:48'),(1951,143,5,0.50,'2023-05-11 05:46:48','2023-05-11 05:46:48'),(1952,146,5,0.50,'2023-05-11 05:46:48','2023-05-11 05:46:48'),(1953,156,5,0.50,'2023-05-11 05:46:48','2023-05-11 05:46:48'),(1954,158,5,0.50,'2023-05-11 05:46:48','2023-05-11 05:46:48'),(1955,159,5,0.50,'2023-05-11 05:46:48','2023-05-11 05:46:48'),(1956,161,5,0.50,'2023-05-11 05:46:48','2023-05-11 05:46:48'),(1957,172,5,0.50,'2023-05-11 05:46:49','2023-05-11 05:46:49'),(1958,175,5,0.50,'2023-05-11 05:46:49','2023-05-11 05:46:49'),(1959,180,5,0.50,'2023-05-11 05:46:49','2023-05-11 05:46:49'),(1960,184,5,0.50,'2023-05-11 05:46:49','2023-05-11 05:46:49'),(1961,186,5,0.50,'2023-05-11 05:46:49','2023-05-11 05:46:49'),(1962,6,6,0.50,'2023-05-11 05:46:49','2023-05-11 05:46:49'),(1963,9,6,0.50,'2023-05-11 05:46:49','2023-05-11 05:46:49'),(1964,15,6,0.50,'2023-05-11 05:46:49','2023-05-11 05:46:49'),(1965,20,6,0.50,'2023-05-11 05:46:50','2023-05-11 05:46:50'),(1966,31,6,0.50,'2023-05-11 05:46:50','2023-05-11 05:46:50'),(1967,41,6,0.50,'2023-05-11 05:46:50','2023-05-11 05:46:50'),(1968,53,6,0.50,'2023-05-11 05:46:51','2023-05-11 05:46:51'),(1969,57,6,0.50,'2023-05-11 05:46:52','2023-05-11 05:46:52'),(1970,64,6,0.50,'2023-05-11 05:46:53','2023-05-11 05:46:53'),(1971,74,6,0.50,'2023-05-11 05:46:54','2023-05-11 05:46:54'),(1972,86,6,0.50,'2023-05-11 05:46:54','2023-05-11 05:46:54'),(1973,100,6,0.50,'2023-05-11 05:46:55','2023-05-11 05:46:55'),(1974,113,6,0.50,'2023-05-11 05:46:55','2023-05-11 05:46:55'),(1975,130,6,0.50,'2023-05-11 05:46:56','2023-05-11 05:46:56'),(1976,132,6,0.50,'2023-05-11 05:46:56','2023-05-11 05:46:56'),(1977,138,6,0.50,'2023-05-11 05:46:57','2023-05-11 05:46:57'),(1978,145,6,0.50,'2023-05-11 05:46:58','2023-05-11 05:46:58'),(1979,166,6,0.50,'2023-05-11 05:46:58','2023-05-11 05:46:58'),(1980,177,6,0.50,'2023-05-11 05:46:58','2023-05-11 05:46:58'),(1981,191,6,0.50,'2023-05-11 05:46:59','2023-05-11 05:46:59'),(1982,195,6,0.50,'2023-05-11 05:46:59','2023-05-11 05:46:59'),(1983,2,7,0.50,'2023-05-11 05:47:00','2023-05-11 05:47:00'),(1984,10,7,0.50,'2023-05-11 05:47:00','2023-05-11 05:47:00'),(1985,15,7,0.50,'2023-05-11 05:47:01','2023-05-11 05:47:01'),(1986,18,7,0.50,'2023-05-11 05:47:01','2023-05-11 05:47:01'),(1987,31,7,0.50,'2023-05-11 05:47:02','2023-05-11 05:47:02'),(1988,35,7,0.50,'2023-05-11 05:47:02','2023-05-11 05:47:02'),(1989,38,7,0.50,'2023-05-11 05:47:02','2023-05-11 05:47:02'),(1990,39,7,0.50,'2023-05-11 05:47:03','2023-05-11 05:47:03'),(1991,46,7,0.50,'2023-05-11 05:47:04','2023-05-11 05:47:04'),(1992,49,7,0.50,'2023-05-11 05:47:05','2023-05-11 05:47:05'),(1993,50,7,0.50,'2023-05-11 05:47:06','2023-05-11 05:47:06'),(1994,53,7,0.50,'2023-05-11 05:47:06','2023-05-11 05:47:06'),(1995,63,7,0.50,'2023-05-11 05:47:07','2023-05-11 05:47:07'),(1996,73,7,0.50,'2023-05-11 05:47:08','2023-05-11 05:47:08'),(1997,74,7,0.50,'2023-05-11 05:47:09','2023-05-11 05:47:09'),(1998,77,7,0.50,'2023-05-11 05:47:10','2023-05-11 05:47:10'),(1999,79,7,0.50,'2023-05-11 05:47:11','2023-05-11 05:47:11'),(2000,80,7,0.50,'2023-05-11 05:47:12','2023-05-11 05:47:12'),(2001,86,7,0.50,'2023-05-11 05:47:13','2023-05-11 05:47:13'),(2002,93,7,0.50,'2023-05-11 05:47:14','2023-05-11 05:47:14'),(2003,98,7,0.50,'2023-05-11 05:47:15','2023-05-11 05:47:15'),(2004,109,7,0.50,'2023-05-11 05:47:15','2023-05-11 05:47:15'),(2005,121,7,0.50,'2023-05-11 05:47:16','2023-05-11 05:47:16'),(2006,123,7,0.50,'2023-05-11 05:47:18','2023-05-11 05:47:18'),(2007,126,7,0.50,'2023-05-11 05:47:19','2023-05-11 05:47:19'),(2008,146,7,0.50,'2023-05-11 05:47:20','2023-05-11 05:47:20'),(2009,154,7,0.50,'2023-05-11 05:47:20','2023-05-11 05:47:20'),(2010,160,7,0.50,'2023-05-11 05:47:22','2023-05-11 05:47:22'),(2011,165,7,0.50,'2023-05-11 05:47:23','2023-05-11 05:47:23'),(2012,166,7,0.50,'2023-05-11 05:47:24','2023-05-11 05:47:24'),(2013,168,7,0.50,'2023-05-11 05:47:25','2023-05-11 05:47:25'),(2014,172,7,0.50,'2023-05-11 05:47:25','2023-05-11 05:47:25'),(2015,175,7,0.50,'2023-05-11 05:47:26','2023-05-11 05:47:26'),(2016,179,7,0.50,'2023-05-11 05:47:27','2023-05-11 05:47:27'),(2017,184,7,0.50,'2023-05-11 05:47:27','2023-05-11 05:47:27'),(2018,186,7,0.50,'2023-05-11 05:47:28','2023-05-11 05:47:28'),(2019,188,7,0.50,'2023-05-11 05:47:28','2023-05-11 05:47:28'),(2020,191,7,0.50,'2023-05-11 05:47:29','2023-05-11 05:47:29'),(2021,1,8,0.50,'2023-05-11 05:47:30','2023-05-11 05:47:30'),(2022,3,8,0.50,'2023-05-11 05:47:30','2023-05-11 05:47:30'),(2023,4,8,0.50,'2023-05-11 05:47:32','2023-05-11 05:47:32'),(2024,6,8,0.50,'2023-05-11 05:47:32','2023-05-11 05:47:32'),(2025,11,8,0.50,'2023-05-11 05:47:32','2023-05-11 05:47:32'),(2026,12,8,0.50,'2023-05-11 05:47:33','2023-05-11 05:47:33'),(2027,14,8,0.50,'2023-05-11 05:47:33','2023-05-11 05:47:33'),(2028,16,8,0.50,'2023-05-11 05:47:33','2023-05-11 05:47:33'),(2029,20,8,0.50,'2023-05-11 05:47:33','2023-05-11 05:47:33'),(2030,28,8,0.50,'2023-05-11 05:47:33','2023-05-11 05:47:33'),(2031,30,8,0.50,'2023-05-11 05:47:34','2023-05-11 05:47:34'),(2032,31,8,0.50,'2023-05-11 05:47:34','2023-05-11 05:47:34'),(2033,36,8,0.50,'2023-05-11 05:47:34','2023-05-11 05:47:34'),(2034,38,8,0.50,'2023-05-11 05:47:34','2023-05-11 05:47:34'),(2035,39,8,0.50,'2023-05-11 05:47:35','2023-05-11 05:47:35'),(2036,43,8,0.50,'2023-05-11 05:47:35','2023-05-11 05:47:35'),(2037,48,8,0.50,'2023-05-11 05:47:35','2023-05-11 05:47:35'),(2038,53,8,0.50,'2023-05-11 05:47:35','2023-05-11 05:47:35'),(2039,54,8,0.50,'2023-05-11 05:47:35','2023-05-11 05:47:35'),(2040,55,8,0.50,'2023-05-11 05:47:35','2023-05-11 05:47:35'),(2041,58,8,0.50,'2023-05-11 05:47:36','2023-05-11 05:47:36'),(2042,59,8,0.50,'2023-05-11 05:47:36','2023-05-11 05:47:36'),(2043,65,8,0.50,'2023-05-11 05:47:36','2023-05-11 05:47:36'),(2044,66,8,0.50,'2023-05-11 05:47:36','2023-05-11 05:47:36'),(2045,71,8,0.50,'2023-05-11 05:47:36','2023-05-11 05:47:36'),(2046,73,8,0.50,'2023-05-11 05:47:36','2023-05-11 05:47:36'),(2047,75,8,0.50,'2023-05-11 05:47:36','2023-05-11 05:47:36'),(2048,77,8,0.50,'2023-05-11 05:47:37','2023-05-11 05:47:37'),(2049,81,8,0.50,'2023-05-11 05:47:37','2023-05-11 05:47:37'),(2050,82,8,0.50,'2023-05-11 05:47:37','2023-05-11 05:47:37'),(2051,85,8,0.50,'2023-05-11 05:47:37','2023-05-11 05:47:37'),(2052,90,8,0.50,'2023-05-11 05:47:37','2023-05-11 05:47:37'),(2053,91,8,0.50,'2023-05-11 05:47:37','2023-05-11 05:47:37'),(2054,92,8,0.50,'2023-05-11 05:47:37','2023-05-11 05:47:37'),(2055,104,8,0.50,'2023-05-11 05:47:38','2023-05-11 05:47:38'),(2056,107,8,0.50,'2023-05-11 05:47:38','2023-05-11 05:47:38'),(2057,112,8,0.50,'2023-05-11 05:47:38','2023-05-11 05:47:38'),(2058,114,8,0.50,'2023-05-11 05:47:38','2023-05-11 05:47:38'),(2059,115,8,0.50,'2023-05-11 05:47:38','2023-05-11 05:47:38'),(2060,116,8,0.50,'2023-05-11 05:47:38','2023-05-11 05:47:38'),(2061,117,8,0.50,'2023-05-11 05:47:38','2023-05-11 05:47:38'),(2062,118,8,0.50,'2023-05-11 05:47:39','2023-05-11 05:47:39'),(2063,119,8,0.50,'2023-05-11 05:47:39','2023-05-11 05:47:39'),(2064,123,8,0.50,'2023-05-11 05:47:39','2023-05-11 05:47:39'),(2065,124,8,0.50,'2023-05-11 05:47:39','2023-05-11 05:47:39'),(2066,126,8,0.50,'2023-05-11 05:47:39','2023-05-11 05:47:39'),(2067,128,8,0.50,'2023-05-11 05:47:39','2023-05-11 05:47:39'),(2068,137,8,0.50,'2023-05-11 05:47:39','2023-05-11 05:47:39'),(2069,138,8,0.50,'2023-05-11 05:47:40','2023-05-11 05:47:40'),(2070,139,8,0.50,'2023-05-11 05:47:40','2023-05-11 05:47:40'),(2071,141,8,0.50,'2023-05-11 05:47:40','2023-05-11 05:47:40'),(2072,143,8,0.50,'2023-05-11 05:47:40','2023-05-11 05:47:40'),(2073,144,8,0.50,'2023-05-11 05:47:40','2023-05-11 05:47:40'),(2074,147,8,0.50,'2023-05-11 05:47:40','2023-05-11 05:47:40'),(2075,152,8,0.50,'2023-05-11 05:47:40','2023-05-11 05:47:40'),(2076,155,8,0.50,'2023-05-11 05:47:41','2023-05-11 05:47:41'),(2077,160,8,0.50,'2023-05-11 05:47:41','2023-05-11 05:47:41'),(2078,165,8,0.50,'2023-05-11 05:47:41','2023-05-11 05:47:41'),(2079,166,8,0.50,'2023-05-11 05:47:41','2023-05-11 05:47:41'),(2080,174,8,0.50,'2023-05-11 05:47:41','2023-05-11 05:47:41'),(2081,175,8,0.50,'2023-05-11 05:47:41','2023-05-11 05:47:41'),(2082,176,8,0.50,'2023-05-11 05:47:41','2023-05-11 05:47:41'),(2083,177,8,0.50,'2023-05-11 05:47:42','2023-05-11 05:47:42'),(2084,181,8,0.50,'2023-05-11 05:47:42','2023-05-11 05:47:42'),(2085,182,8,0.50,'2023-05-11 05:47:42','2023-05-11 05:47:42'),(2086,186,8,0.50,'2023-05-11 05:47:42','2023-05-11 05:47:42'),(2087,190,8,0.50,'2023-05-11 05:47:42','2023-05-11 05:47:42'),(2088,191,8,0.50,'2023-05-11 05:47:42','2023-05-11 05:47:42'),(2089,194,8,0.50,'2023-05-11 05:47:42','2023-05-11 05:47:42'),(2090,195,8,0.50,'2023-05-11 05:47:42','2023-05-11 05:47:42'),(2091,197,8,0.50,'2023-05-11 05:47:43','2023-05-11 05:47:43'),(2092,198,8,0.50,'2023-05-11 05:47:43','2023-05-11 05:47:43'),(2093,199,8,0.50,'2023-05-11 05:47:43','2023-05-11 05:47:43'),(2094,2,10,0.50,'2023-05-11 05:47:43','2023-05-11 05:47:43'),(2095,25,10,0.50,'2023-05-11 05:47:43','2023-05-11 05:47:43'),(2096,32,10,0.50,'2023-05-11 05:47:43','2023-05-11 05:47:43'),(2097,35,10,0.50,'2023-05-11 05:47:43','2023-05-11 05:47:43'),(2098,36,10,0.50,'2023-05-11 05:47:44','2023-05-11 05:47:44'),(2099,46,10,0.50,'2023-05-11 05:47:44','2023-05-11 05:47:44'),(2100,61,10,0.50,'2023-05-11 05:47:44','2023-05-11 05:47:44'),(2101,62,10,0.50,'2023-05-11 05:47:44','2023-05-11 05:47:44'),(2102,66,10,0.50,'2023-05-11 05:47:44','2023-05-11 05:47:44'),(2103,72,10,0.50,'2023-05-11 05:47:44','2023-05-11 05:47:44'),(2104,73,10,0.50,'2023-05-11 05:47:44','2023-05-11 05:47:44'),(2105,87,10,0.50,'2023-05-11 05:47:44','2023-05-11 05:47:44'),(2106,109,10,0.50,'2023-05-11 05:47:44','2023-05-11 05:47:44'),(2107,116,10,0.50,'2023-05-11 05:47:44','2023-05-11 05:47:44'),(2108,123,10,0.50,'2023-05-11 05:47:45','2023-05-11 05:47:45'),(2109,137,10,0.50,'2023-05-11 05:47:45','2023-05-11 05:47:45'),(2110,146,10,0.50,'2023-05-11 05:47:45','2023-05-11 05:47:45'),(2111,150,10,0.50,'2023-05-11 05:47:45','2023-05-11 05:47:45'),(2112,180,10,0.50,'2023-05-11 05:47:45','2023-05-11 05:47:45'),(2113,191,10,0.50,'2023-05-11 05:47:45','2023-05-11 05:47:45'),(2114,194,10,0.50,'2023-05-11 05:47:45','2023-05-11 05:47:45'),(2115,198,10,0.50,'2023-05-11 05:47:46','2023-05-11 05:47:46'),(2116,1,11,0.50,'2023-05-11 05:47:46','2023-05-11 05:47:46'),(2117,2,11,0.50,'2023-05-11 05:47:46','2023-05-11 05:47:46'),(2118,3,11,0.50,'2023-05-11 05:47:46','2023-05-11 05:47:46'),(2119,7,11,0.50,'2023-05-11 05:47:46','2023-05-11 05:47:46'),(2120,11,11,0.50,'2023-05-11 05:47:46','2023-05-11 05:47:46'),(2121,15,11,0.50,'2023-05-11 05:47:46','2023-05-11 05:47:46'),(2122,17,11,0.50,'2023-05-11 05:47:46','2023-05-11 05:47:46'),(2123,18,11,0.50,'2023-05-11 05:47:47','2023-05-11 05:47:47'),(2124,20,11,0.50,'2023-05-11 05:47:47','2023-05-11 05:47:47'),(2125,25,11,0.50,'2023-05-11 05:47:47','2023-05-11 05:47:47'),(2126,27,11,0.50,'2023-05-11 05:47:47','2023-05-11 05:47:47'),(2127,34,11,0.50,'2023-05-11 05:47:47','2023-05-11 05:47:47'),(2128,35,11,0.50,'2023-05-11 05:47:47','2023-05-11 05:47:47'),(2129,36,11,0.50,'2023-05-11 05:47:47','2023-05-11 05:47:47'),(2130,37,11,0.50,'2023-05-11 05:47:47','2023-05-11 05:47:47'),(2131,42,11,0.50,'2023-05-11 05:47:47','2023-05-11 05:47:47'),(2132,46,11,0.50,'2023-05-11 05:47:48','2023-05-11 05:47:48'),(2133,50,11,0.50,'2023-05-11 05:47:48','2023-05-11 05:47:48'),(2134,51,11,0.50,'2023-05-11 05:47:48','2023-05-11 05:47:48'),(2135,52,11,0.50,'2023-05-11 05:47:48','2023-05-11 05:47:48'),(2136,54,11,0.50,'2023-05-11 05:47:48','2023-05-11 05:47:48'),(2137,56,11,0.50,'2023-05-11 05:47:48','2023-05-11 05:47:48'),(2138,59,11,0.50,'2023-05-11 05:47:48','2023-05-11 05:47:48'),(2139,60,11,0.50,'2023-05-11 05:47:48','2023-05-11 05:47:48'),(2140,64,11,0.50,'2023-05-11 05:47:48','2023-05-11 05:47:48'),(2141,65,11,0.50,'2023-05-11 05:47:49','2023-05-11 05:47:49'),(2142,66,11,0.50,'2023-05-11 05:47:49','2023-05-11 05:47:49'),(2143,68,11,0.50,'2023-05-11 05:47:49','2023-05-11 05:47:49'),(2144,69,11,0.50,'2023-05-11 05:47:49','2023-05-11 05:47:49'),(2145,70,11,0.50,'2023-05-11 05:47:49','2023-05-11 05:47:49'),(2146,74,11,0.50,'2023-05-11 05:47:49','2023-05-11 05:47:49'),(2147,80,11,0.50,'2023-05-11 05:47:49','2023-05-11 05:47:49'),(2148,88,11,0.50,'2023-05-11 05:47:49','2023-05-11 05:47:49'),(2149,90,11,0.50,'2023-05-11 05:47:50','2023-05-11 05:47:50'),(2150,92,11,0.50,'2023-05-11 05:47:50','2023-05-11 05:47:50'),(2151,94,11,0.50,'2023-05-11 05:47:50','2023-05-11 05:47:50'),(2152,95,11,0.50,'2023-05-11 05:47:50','2023-05-11 05:47:50'),(2153,99,11,0.50,'2023-05-11 05:47:50','2023-05-11 05:47:50'),(2154,102,11,0.50,'2023-05-11 05:47:50','2023-05-11 05:47:50'),(2155,107,11,0.50,'2023-05-11 05:47:51','2023-05-11 05:47:51'),(2156,117,11,0.50,'2023-05-11 05:47:51','2023-05-11 05:47:51'),(2157,122,11,0.50,'2023-05-11 05:47:51','2023-05-11 05:47:51'),(2158,124,11,0.50,'2023-05-11 05:47:52','2023-05-11 05:47:52'),(2159,132,11,0.50,'2023-05-11 05:47:52','2023-05-11 05:47:52'),(2160,134,11,0.50,'2023-05-11 05:47:52','2023-05-11 05:47:52'),(2161,141,11,0.50,'2023-05-11 05:47:52','2023-05-11 05:47:52'),(2162,142,11,0.50,'2023-05-11 05:47:53','2023-05-11 05:47:53'),(2163,143,11,0.50,'2023-05-11 05:47:53','2023-05-11 05:47:53'),(2164,146,11,0.50,'2023-05-11 05:47:53','2023-05-11 05:47:53'),(2165,147,11,0.50,'2023-05-11 05:47:53','2023-05-11 05:47:53'),(2166,150,11,0.50,'2023-05-11 05:47:54','2023-05-11 05:47:54'),(2167,153,11,0.50,'2023-05-11 05:47:54','2023-05-11 05:47:54'),(2168,154,11,0.50,'2023-05-11 05:47:54','2023-05-11 05:47:54'),(2169,158,11,0.50,'2023-05-11 05:47:54','2023-05-11 05:47:54'),(2170,160,11,0.50,'2023-05-11 05:47:54','2023-05-11 05:47:54'),(2171,164,11,0.50,'2023-05-11 05:47:55','2023-05-11 05:47:55'),(2172,165,11,0.50,'2023-05-11 05:47:55','2023-05-11 05:47:55'),(2173,176,11,0.50,'2023-05-11 05:47:55','2023-05-11 05:47:55'),(2174,182,11,0.50,'2023-05-11 05:47:55','2023-05-11 05:47:55'),(2175,184,11,0.50,'2023-05-11 05:47:55','2023-05-11 05:47:55'),(2176,186,11,0.50,'2023-05-11 05:47:56','2023-05-11 05:47:56'),(2177,190,11,0.50,'2023-05-11 05:47:56','2023-05-11 05:47:56'),(2178,191,11,0.50,'2023-05-11 05:47:56','2023-05-11 05:47:56'),(2179,195,11,0.50,'2023-05-11 05:47:56','2023-05-11 05:47:56'),(2180,199,11,0.50,'2023-05-11 05:47:56','2023-05-11 05:47:56'),(2181,5,16,0.50,'2023-05-11 05:47:56','2023-05-11 05:47:56'),(2182,27,16,0.50,'2023-05-11 05:47:57','2023-05-11 05:47:57'),(2183,28,16,0.50,'2023-05-11 05:47:57','2023-05-11 05:47:57'),(2184,52,16,0.50,'2023-05-11 05:47:57','2023-05-11 05:47:57'),(2185,69,16,0.50,'2023-05-11 05:47:57','2023-05-11 05:47:57'),(2186,74,16,0.50,'2023-05-11 05:47:57','2023-05-11 05:47:57'),(2187,79,16,0.50,'2023-05-11 05:47:57','2023-05-11 05:47:57'),(2188,97,16,0.50,'2023-05-11 05:47:57','2023-05-11 05:47:57'),(2189,100,16,0.50,'2023-05-11 05:47:58','2023-05-11 05:47:58'),(2190,102,16,0.50,'2023-05-11 05:47:58','2023-05-11 05:47:58'),(2191,105,16,0.50,'2023-05-11 05:47:58','2023-05-11 05:47:58'),(2192,111,16,0.50,'2023-05-11 05:47:58','2023-05-11 05:47:58'),(2193,112,16,0.50,'2023-05-11 05:47:58','2023-05-11 05:47:58'),(2194,114,16,0.50,'2023-05-11 05:47:58','2023-05-11 05:47:58'),(2195,117,16,0.50,'2023-05-11 05:47:58','2023-05-11 05:47:58'),(2196,121,16,0.50,'2023-05-11 05:47:58','2023-05-11 05:47:58'),(2197,125,16,0.50,'2023-05-11 05:47:59','2023-05-11 05:47:59'),(2198,131,16,0.50,'2023-05-11 05:47:59','2023-05-11 05:47:59'),(2199,145,16,0.50,'2023-05-11 05:47:59','2023-05-11 05:47:59'),(2200,153,16,0.50,'2023-05-11 05:47:59','2023-05-11 05:47:59'),(2201,168,16,0.50,'2023-05-11 05:47:59','2023-05-11 05:47:59'),(2202,170,16,0.50,'2023-05-11 05:47:59','2023-05-11 05:47:59'),(2203,4,17,0.50,'2023-05-11 05:47:59','2023-05-11 05:47:59'),(2204,6,17,0.50,'2023-05-11 05:48:00','2023-05-11 05:48:00'),(2205,14,17,0.50,'2023-05-11 05:48:00','2023-05-11 05:48:00'),(2206,15,17,0.50,'2023-05-11 05:48:00','2023-05-11 05:48:00'),(2207,29,17,0.50,'2023-05-11 05:48:00','2023-05-11 05:48:00'),(2208,36,17,0.50,'2023-05-11 05:48:00','2023-05-11 05:48:00'),(2209,45,17,0.50,'2023-05-11 05:48:00','2023-05-11 05:48:00'),(2210,50,17,0.50,'2023-05-11 05:48:00','2023-05-11 05:48:00'),(2211,55,17,0.50,'2023-05-11 05:48:00','2023-05-11 05:48:00'),(2212,66,17,0.50,'2023-05-11 05:48:01','2023-05-11 05:48:01'),(2213,70,17,0.50,'2023-05-11 05:48:01','2023-05-11 05:48:01'),(2214,71,17,0.50,'2023-05-11 05:48:01','2023-05-11 05:48:01'),(2215,74,17,0.50,'2023-05-11 05:48:01','2023-05-11 05:48:01'),(2216,76,17,0.50,'2023-05-11 05:48:01','2023-05-11 05:48:01'),(2217,79,17,0.50,'2023-05-11 05:48:01','2023-05-11 05:48:01'),(2218,84,17,0.50,'2023-05-11 05:48:01','2023-05-11 05:48:01'),(2219,90,17,0.50,'2023-05-11 05:48:01','2023-05-11 05:48:01'),(2220,107,17,0.50,'2023-05-11 05:48:02','2023-05-11 05:48:02'),(2221,112,17,0.50,'2023-05-11 05:48:02','2023-05-11 05:48:02'),(2222,131,17,0.50,'2023-05-11 05:48:02','2023-05-11 05:48:02'),(2223,132,17,0.50,'2023-05-11 05:48:02','2023-05-11 05:48:02'),(2224,134,17,0.50,'2023-05-11 05:48:02','2023-05-11 05:48:02'),(2225,145,17,0.50,'2023-05-11 05:48:03','2023-05-11 05:48:03'),(2226,147,17,0.50,'2023-05-11 05:48:03','2023-05-11 05:48:03'),(2227,149,17,0.50,'2023-05-11 05:48:03','2023-05-11 05:48:03'),(2228,153,17,0.50,'2023-05-11 05:48:03','2023-05-11 05:48:03'),(2229,158,17,0.50,'2023-05-11 05:48:03','2023-05-11 05:48:03'),(2230,159,17,0.50,'2023-05-11 05:48:03','2023-05-11 05:48:03'),(2231,165,17,0.50,'2023-05-11 05:48:04','2023-05-11 05:48:04'),(2232,168,17,0.50,'2023-05-11 05:48:04','2023-05-11 05:48:04'),(2233,169,17,0.50,'2023-05-11 05:48:04','2023-05-11 05:48:04'),(2234,170,17,0.50,'2023-05-11 05:48:04','2023-05-11 05:48:04'),(2235,174,17,0.50,'2023-05-11 05:48:04','2023-05-11 05:48:04'),(2236,176,17,0.50,'2023-05-11 05:48:04','2023-05-11 05:48:04'),(2237,180,17,0.50,'2023-05-11 05:48:04','2023-05-11 05:48:04'),(2238,188,17,0.50,'2023-05-11 05:48:04','2023-05-11 05:48:04'),(2239,191,17,0.50,'2023-05-11 05:48:05','2023-05-11 05:48:05'),(2240,197,17,0.50,'2023-05-11 05:48:05','2023-05-11 05:48:05'),(2241,6,18,0.50,'2023-05-11 05:48:05','2023-05-11 05:48:05'),(2242,9,18,0.50,'2023-05-11 05:48:05','2023-05-11 05:48:05'),(2243,15,18,0.50,'2023-05-11 05:48:05','2023-05-11 05:48:05'),(2244,19,18,0.50,'2023-05-11 05:48:05','2023-05-11 05:48:05'),(2245,25,18,0.50,'2023-05-11 05:48:05','2023-05-11 05:48:05'),(2246,26,18,0.50,'2023-05-11 05:48:06','2023-05-11 05:48:06'),(2247,46,18,0.50,'2023-05-11 05:48:06','2023-05-11 05:48:06'),(2248,50,18,0.50,'2023-05-11 05:48:06','2023-05-11 05:48:06'),(2249,53,18,0.50,'2023-05-11 05:48:06','2023-05-11 05:48:06'),(2250,54,18,0.50,'2023-05-11 05:48:06','2023-05-11 05:48:06'),(2251,69,18,0.50,'2023-05-11 05:48:06','2023-05-11 05:48:06'),(2252,73,18,0.50,'2023-05-11 05:48:06','2023-05-11 05:48:06'),(2253,81,18,0.50,'2023-05-11 05:48:06','2023-05-11 05:48:06'),(2254,84,18,0.50,'2023-05-11 05:48:07','2023-05-11 05:48:07'),(2255,88,18,0.50,'2023-05-11 05:48:07','2023-05-11 05:48:07'),(2256,89,18,0.50,'2023-05-11 05:48:07','2023-05-11 05:48:07'),(2257,92,18,0.50,'2023-05-11 05:48:07','2023-05-11 05:48:07'),(2258,110,18,0.50,'2023-05-11 05:48:07','2023-05-11 05:48:07'),(2259,132,18,0.50,'2023-05-11 05:48:08','2023-05-11 05:48:08'),(2260,139,18,0.50,'2023-05-11 05:48:08','2023-05-11 05:48:08'),(2261,145,18,0.50,'2023-05-11 05:48:08','2023-05-11 05:48:08'),(2262,157,18,0.50,'2023-05-11 05:48:08','2023-05-11 05:48:08'),(2263,166,18,0.50,'2023-05-11 05:48:08','2023-05-11 05:48:08'),(2264,167,18,0.50,'2023-05-11 05:48:08','2023-05-11 05:48:08'),(2265,196,18,0.50,'2023-05-11 05:48:09','2023-05-11 05:48:09'),(2266,200,18,0.50,'2023-05-11 05:48:09','2023-05-11 05:48:09'),(2267,43,19,0.50,'2023-05-11 05:48:09','2023-05-11 05:48:09'),(2268,4,20,0.50,'2023-05-11 05:48:09','2023-05-11 05:48:09'),(2269,6,20,0.50,'2023-05-11 05:48:09','2023-05-11 05:48:09'),(2270,7,20,0.50,'2023-05-11 05:48:09','2023-05-11 05:48:09'),(2271,8,20,0.50,'2023-05-11 05:48:10','2023-05-11 05:48:10'),(2272,14,20,0.50,'2023-05-11 05:48:10','2023-05-11 05:48:10'),(2273,19,20,0.50,'2023-05-11 05:48:10','2023-05-11 05:48:10'),(2274,25,20,0.50,'2023-05-11 05:48:10','2023-05-11 05:48:10'),(2275,32,20,0.50,'2023-05-11 05:48:10','2023-05-11 05:48:10'),(2276,35,20,0.50,'2023-05-11 05:48:10','2023-05-11 05:48:10'),(2277,36,20,0.50,'2023-05-11 05:48:11','2023-05-11 05:48:11'),(2278,37,20,0.50,'2023-05-11 05:48:11','2023-05-11 05:48:11'),(2279,38,20,0.50,'2023-05-11 05:48:11','2023-05-11 05:48:11'),(2280,39,20,0.50,'2023-05-11 05:48:11','2023-05-11 05:48:11'),(2281,42,20,0.50,'2023-05-11 05:48:11','2023-05-11 05:48:11'),(2282,45,20,0.50,'2023-05-11 05:48:11','2023-05-11 05:48:11'),(2283,46,20,0.50,'2023-05-11 05:48:12','2023-05-11 05:48:12'),(2284,50,20,0.50,'2023-05-11 05:48:12','2023-05-11 05:48:12'),(2285,59,20,0.50,'2023-05-11 05:48:12','2023-05-11 05:48:12'),(2286,60,20,0.50,'2023-05-11 05:48:12','2023-05-11 05:48:12'),(2287,74,20,0.50,'2023-05-11 05:48:12','2023-05-11 05:48:12'),(2288,75,20,0.50,'2023-05-11 05:48:12','2023-05-11 05:48:12'),(2289,79,20,0.50,'2023-05-11 05:48:12','2023-05-11 05:48:12'),(2290,87,20,0.50,'2023-05-11 05:48:13','2023-05-11 05:48:13'),(2291,89,20,0.50,'2023-05-11 05:48:13','2023-05-11 05:48:13'),(2292,95,20,0.50,'2023-05-11 05:48:13','2023-05-11 05:48:13'),(2293,101,20,0.50,'2023-05-11 05:48:13','2023-05-11 05:48:13'),(2294,102,20,0.50,'2023-05-11 05:48:13','2023-05-11 05:48:13'),(2295,104,20,0.50,'2023-05-11 05:48:13','2023-05-11 05:48:13'),(2296,106,20,0.50,'2023-05-11 05:48:13','2023-05-11 05:48:13'),(2297,113,20,0.50,'2023-05-11 05:48:13','2023-05-11 05:48:13'),(2298,116,20,0.50,'2023-05-11 05:48:14','2023-05-11 05:48:14'),(2299,129,20,0.50,'2023-05-11 05:48:14','2023-05-11 05:48:14'),(2300,137,20,0.50,'2023-05-11 05:48:14','2023-05-11 05:48:14'),(2301,138,20,0.50,'2023-05-11 05:48:14','2023-05-11 05:48:14'),(2302,146,20,0.50,'2023-05-11 05:48:14','2023-05-11 05:48:14'),(2303,148,20,0.50,'2023-05-11 05:48:14','2023-05-11 05:48:14'),(2304,149,20,0.50,'2023-05-11 05:48:14','2023-05-11 05:48:14'),(2305,150,20,0.50,'2023-05-11 05:48:15','2023-05-11 05:48:15'),(2306,153,20,0.50,'2023-05-11 05:48:15','2023-05-11 05:48:15'),(2307,154,20,0.50,'2023-05-11 05:48:15','2023-05-11 05:48:15'),(2308,156,20,0.50,'2023-05-11 05:48:15','2023-05-11 05:48:15'),(2309,160,20,0.50,'2023-05-11 05:48:15','2023-05-11 05:48:15'),(2310,161,20,0.50,'2023-05-11 05:48:15','2023-05-11 05:48:15'),(2311,163,20,0.50,'2023-05-11 05:48:15','2023-05-11 05:48:15'),(2312,165,20,0.50,'2023-05-11 05:48:16','2023-05-11 05:48:16'),(2313,172,20,0.50,'2023-05-11 05:48:16','2023-05-11 05:48:16'),(2314,173,20,0.50,'2023-05-11 05:48:16','2023-05-11 05:48:16'),(2315,175,20,0.50,'2023-05-11 05:48:16','2023-05-11 05:48:16'),(2316,177,20,0.50,'2023-05-11 05:48:16','2023-05-11 05:48:16'),(2317,180,20,0.50,'2023-05-11 05:48:16','2023-05-11 05:48:16'),(2318,181,20,0.50,'2023-05-11 05:48:16','2023-05-11 05:48:16'),(2319,182,20,0.50,'2023-05-11 05:48:16','2023-05-11 05:48:16'),(2320,184,20,0.50,'2023-05-11 05:48:17','2023-05-11 05:48:17'),(2321,185,20,0.50,'2023-05-11 05:48:17','2023-05-11 05:48:17'),(2322,186,20,0.50,'2023-05-11 05:48:17','2023-05-11 05:48:17'),(2323,193,20,0.50,'2023-05-11 05:48:17','2023-05-11 05:48:17'),(2324,1,21,0.50,'2023-05-11 05:48:17','2023-05-11 05:48:17'),(2325,2,21,0.50,'2023-05-11 05:48:17','2023-05-11 05:48:17'),(2326,5,21,0.50,'2023-05-11 05:48:17','2023-05-11 05:48:17'),(2327,7,21,0.50,'2023-05-11 05:48:18','2023-05-11 05:48:18'),(2328,15,21,0.50,'2023-05-11 05:48:18','2023-05-11 05:48:18'),(2329,22,21,0.50,'2023-05-11 05:48:18','2023-05-11 05:48:18'),(2330,32,21,0.50,'2023-05-11 05:48:18','2023-05-11 05:48:18'),(2331,45,21,0.50,'2023-05-11 05:48:18','2023-05-11 05:48:18'),(2332,50,21,0.50,'2023-05-11 05:48:18','2023-05-11 05:48:18'),(2333,62,21,0.50,'2023-05-11 05:48:19','2023-05-11 05:48:19'),(2334,64,21,0.50,'2023-05-11 05:48:19','2023-05-11 05:48:19'),(2335,66,21,0.50,'2023-05-11 05:48:19','2023-05-11 05:48:19'),(2336,69,21,0.50,'2023-05-11 05:48:19','2023-05-11 05:48:19'),(2337,73,21,0.50,'2023-05-11 05:48:19','2023-05-11 05:48:19'),(2338,76,21,0.50,'2023-05-11 05:48:19','2023-05-11 05:48:19'),(2339,78,21,0.50,'2023-05-11 05:48:19','2023-05-11 05:48:19'),(2340,92,21,0.50,'2023-05-11 05:48:20','2023-05-11 05:48:20'),(2341,108,21,0.50,'2023-05-11 05:48:20','2023-05-11 05:48:20'),(2342,126,21,0.50,'2023-05-11 05:48:20','2023-05-11 05:48:20'),(2343,132,21,0.50,'2023-05-11 05:48:21','2023-05-11 05:48:21'),(2344,138,21,0.50,'2023-05-11 05:48:21','2023-05-11 05:48:21'),(2345,149,21,0.50,'2023-05-11 05:48:21','2023-05-11 05:48:21'),(2346,151,21,0.50,'2023-05-11 05:48:21','2023-05-11 05:48:21'),(2347,163,21,0.50,'2023-05-11 05:48:21','2023-05-11 05:48:21'),(2348,165,21,0.50,'2023-05-11 05:48:21','2023-05-11 05:48:21'),(2349,168,21,0.50,'2023-05-11 05:48:22','2023-05-11 05:48:22'),(2350,183,21,0.50,'2023-05-11 05:48:22','2023-05-11 05:48:22'),(2351,189,21,0.50,'2023-05-11 05:48:22','2023-05-11 05:48:22'),(2352,190,21,0.50,'2023-05-11 05:48:22','2023-05-11 05:48:22'),(2353,193,21,0.50,'2023-05-11 05:48:22','2023-05-11 05:48:22'),(2354,196,21,0.50,'2023-05-11 05:48:23','2023-05-11 05:48:23'),(2355,197,21,0.50,'2023-05-11 05:48:23','2023-05-11 05:48:23'),(2356,1,22,0.50,'2023-05-11 05:48:23','2023-05-11 05:48:23'),(2357,4,22,0.50,'2023-05-11 05:48:23','2023-05-11 05:48:23'),(2358,5,22,0.50,'2023-05-11 05:48:23','2023-05-11 05:48:23'),(2359,7,22,0.50,'2023-05-11 05:48:23','2023-05-11 05:48:23'),(2360,9,22,0.50,'2023-05-11 05:48:24','2023-05-11 05:48:24'),(2361,16,22,0.50,'2023-05-11 05:48:24','2023-05-11 05:48:24'),(2362,19,22,0.50,'2023-05-11 05:48:24','2023-05-11 05:48:24'),(2363,28,22,0.50,'2023-05-11 05:48:24','2023-05-11 05:48:24'),(2364,48,22,0.50,'2023-05-11 05:48:24','2023-05-11 05:48:24'),(2365,51,22,0.50,'2023-05-11 05:48:25','2023-05-11 05:48:25'),(2366,53,22,0.50,'2023-05-11 05:48:25','2023-05-11 05:48:25'),(2367,58,22,0.50,'2023-05-11 05:48:25','2023-05-11 05:48:25'),(2368,84,22,0.50,'2023-05-11 05:48:25','2023-05-11 05:48:25'),(2369,87,22,0.50,'2023-05-11 05:48:25','2023-05-11 05:48:25'),(2370,91,22,0.50,'2023-05-11 05:48:25','2023-05-11 05:48:25'),(2371,99,22,0.50,'2023-05-11 05:48:25','2023-05-11 05:48:25'),(2372,100,22,0.50,'2023-05-11 05:48:26','2023-05-11 05:48:26'),(2373,102,22,0.50,'2023-05-11 05:48:26','2023-05-11 05:48:26'),(2374,105,22,0.50,'2023-05-11 05:48:26','2023-05-11 05:48:26'),(2375,113,22,0.50,'2023-05-11 05:48:26','2023-05-11 05:48:26'),(2376,124,22,0.50,'2023-05-11 05:48:27','2023-05-11 05:48:27');
/*!40000 ALTER TABLE `jobrecommendations` ENABLE KEYS */;
UNLOCK TABLES;

--
-- Table structure for table `jobs`
--

DROP TABLE IF EXISTS `jobs`;
/*!40101 SET @saved_cs_client     = @@character_set_client */;
/*!50503 SET character_set_client = utf8mb4 */;
CREATE TABLE `jobs` (
  `id` bigint unsigned NOT NULL AUTO_INCREMENT,
  `title` varchar(255) COLLATE utf8mb4_unicode_ci NOT NULL,
  `slug` varchar(255) COLLATE utf8mb4_unicode_ci NOT NULL,
  `description` text COLLATE utf8mb4_unicode_ci,
  `country` varchar(255) COLLATE utf8mb4_unicode_ci DEFAULT NULL,
  `city` varchar(255) COLLATE utf8mb4_unicode_ci DEFAULT NULL,
  `salary` varchar(255) COLLATE utf8mb4_unicode_ci DEFAULT NULL,
  `posted_by` bigint unsigned NOT NULL,
  `created_at` timestamp NULL DEFAULT NULL,
  `updated_at` timestamp NULL DEFAULT NULL,
  PRIMARY KEY (`id`),
  KEY `jobs_posted_by_foreign` (`posted_by`),
  CONSTRAINT `jobs_posted_by_foreign` FOREIGN KEY (`posted_by`) REFERENCES `users` (`id`) ON DELETE CASCADE
) ENGINE=InnoDB AUTO_INCREMENT=201 DEFAULT CHARSET=utf8mb4 COLLATE=utf8mb4_unicode_ci;
/*!40101 SET character_set_client = @saved_cs_client */;

--
-- Dumping data for table `jobs`
--

LOCK TABLES `jobs` WRITE;
/*!40000 ALTER TABLE `jobs` DISABLE KEYS */;
INSERT INTO `jobs` VALUES (1,'Deserunt cupiditate et fugit sit repudiandae magnam quia. Veritatis est beatae nisi ea. Omnis aut facere et vel sit quam nesciunt. Dolorum praesentium suscipit eos itaque.','dolores','Quia non est autem perspiciatis totam eos. Sequi nihil commodi provident minus nam. Maiores reiciendis debitis aut incidunt. In aperiam delectus quod dolor maiores quisquam.','Saint Vincent and the Grenadines','Lake Dario','3219',28,'1991-12-05 16:44:56','1975-02-04 00:49:35'),(2,'Et laudantium non delectus cupiditate quo dolorem enim. Commodi dolor blanditiis delectus et delectus. Enim ut nihil animi id accusantium ipsum ad ducimus.','harum','Temporibus mollitia nulla ad eligendi ut. At totam quidem aliquid fugiat qui illo ratione sint. Voluptate veritatis dolore voluptas reiciendis aut ratione qui. Excepturi eligendi dolorem facilis aut veritatis sit eveniet.','Togo','Port Herminiofort','2878',13,'1985-12-26 06:03:24','1971-07-10 22:41:17'),(3,'Ut voluptates dolorem voluptatibus perferendis beatae. Eos labore quis nesciunt a provident dolores nisi. Nihil veniam adipisci aut natus consequatur aliquid. Corporis ut id rem consequuntur aut eos.','dolore','Est dignissimos voluptas ea qui nostrum. Et soluta aut accusantium voluptatum ex sed. Est deserunt delectus iste quisquam.','Saint Lucia','Lake Alberthaland','1070',2,'2009-01-10 22:17:45','1990-03-11 13:51:54'),(4,'Quo odio qui fuga ut vitae omnis fugit nemo. Ut blanditiis ea ab repellat corporis. Recusandae dolorem sit doloribus architecto eum commodi.','veritatis','Recusandae eos molestias veritatis dolorum. Nihil quo et omnis iure aut. Omnis ea vel et.','Isle of Man','Davisland','2080',19,'2022-07-21 05:36:29','1999-05-23 01:19:51'),(5,'Temporibus numquam expedita commodi corrupti incidunt voluptates vero. Vel commodi ipsa hic hic unde voluptatem doloremque. Possimus repudiandae quasi sint quam voluptatem rem saepe.','vitae','Magni vitae ut veniam mollitia. Et quaerat et velit consequatur aperiam quia. Molestiae minus deleniti perferendis ea nemo rerum.','Malta','West Branditown','2860',11,'1984-07-25 07:12:01','2004-12-18 21:23:38'),(6,'Vero expedita quod quo vel veniam exercitationem. Placeat cumque sit qui qui et error et et. Ut qui ut ipsam iure nihil adipisci commodi.','deserunt','Minima itaque quas voluptatem velit delectus. Et quia molestias ab minima ipsam corporis. Blanditiis dolorem doloremque natus aut.','Iran','South Chasity','1549',17,'1999-07-08 16:49:13','2000-02-16 00:01:01'),(7,'Quas praesentium molestias nemo earum necessitatibus et. Aut architecto omnis beatae. Molestiae repellendus ut ut quia est alias natus.','aliquam','Illo dolorem vitae facere saepe. Quia omnis voluptas veniam aut quia ipsa perferendis. Magni sunt vero quasi provident dolores est et. Enim nulla qui quibusdam error facilis at totam.','Reunion','New Gregory','4718',4,'2006-07-07 03:48:51','2022-11-30 19:48:36'),(8,'Consequatur quis mollitia dolore et. Veniam molestias rem rerum et. Voluptatem molestiae ea expedita quis est.','velit','Assumenda molestias aliquid similique quis earum. Excepturi quibusdam voluptas officia libero ea praesentium est vitae. Laboriosam ipsam repellat et saepe est. Voluptatem qui nam ipsum officia.','Macao','New Bernadetteland','1540',14,'1997-01-18 12:15:45','2015-12-04 11:17:09'),(9,'Vitae nihil voluptas sint voluptas asperiores ut. Reiciendis sapiente nesciunt quis laboriosam. Ducimus totam error quia explicabo incidunt. Est reprehenderit quisquam ullam quo.','qui','Libero aperiam aut molestiae excepturi mollitia tempora aut. Ea quod eos asperiores et consectetur dolor est. Impedit qui corrupti molestias aut qui.','Algeria','Kovacekbury','1687',2,'2016-12-17 19:47:57','1995-04-24 04:21:05'),(10,'Nulla quas est sint adipisci sunt et. Ullam quidem aut nobis sequi similique ipsa.','blanditiis','Velit eaque et nihil est aliquam nostrum. Vel a beatae fugit dolores quis. Et est perferendis minus eius qui sunt sunt.','Malta','East Rosalee','2729',21,'1995-11-18 13:44:55','1999-09-13 00:55:56'),(11,'Facilis aliquam sit et dolore ut architecto officia. Et omnis atque vel. Veritatis aut possimus impedit maxime qui. Ut dolor et a adipisci provident itaque.','qui','Doloribus labore modi aut assumenda repellendus. Provident aliquid natus inventore placeat ut sed. Modi ducimus totam consequatur ipsum repellat maxime sunt. Doloribus occaecati autem quia ut.','Serbia','East Oleta','2790',5,'1988-04-28 00:47:51','1985-12-05 04:33:21'),(12,'Eaque maxime tempore quae porro. Et distinctio voluptatum est quos. Architecto voluptas qui vel ipsam et eligendi praesentium.','aliquam','Expedita dolor vel qui aut dicta consequuntur aut. Perferendis ut beatae enim minima. Assumenda sapiente sunt ea dicta corrupti. Nulla nisi saepe fuga porro harum ea vel aut.','Syrian Arab Republic','East Jace','3997',7,'2003-04-17 14:13:12','2002-11-17 14:53:48'),(13,'Quibusdam sit qui quaerat nam et sit. Eum hic ullam ipsam aliquam esse aliquid. Enim amet officia consequatur repellendus cupiditate similique.','facilis','Ea voluptatem corporis consequatur quae vel qui. Quidem quis corrupti voluptas dicta qui quia inventore.','Micronesia','Ornstad','3311',23,'2010-03-24 13:56:27','2008-07-29 13:26:51'),(14,'Natus odit possimus nihil tenetur velit a. Dolores sint reiciendis inventore quas quod quae et.','veniam','Ut id voluptas molestiae iste non. Totam expedita tenetur aut odit voluptas. Deserunt doloremque et ut. Qui qui labore deserunt impedit.','Rwanda','North Zachery','1241',4,'2016-11-02 13:44:32','1970-01-08 08:35:38'),(15,'Velit esse incidunt accusantium et id sed eligendi. Cum aut et eos officia.','labore','Et necessitatibus rerum est temporibus modi sint qui inventore. Perspiciatis ipsam voluptatem consequatur et quia. Molestiae cum ut est commodi dicta. Qui consequatur perferendis enim minima ea quis quo.','Saint Pierre and Miquelon','Felixburgh','3789',7,'1996-02-11 12:15:35','1983-07-29 13:16:31'),(16,'Blanditiis placeat sapiente ut cum qui. Optio assumenda dolores reiciendis at error qui. Laudantium est sapiente molestiae et in dolorem.','deleniti','Dicta esse exercitationem rem deserunt fugit illo dolor tempora. Modi eaque labore consequuntur rem nulla.','Namibia','North Aniyah','3618',9,'2002-09-28 09:06:11','1993-08-03 02:23:02'),(17,'Tenetur tenetur distinctio corrupti ad. Non officia quaerat dolores adipisci reiciendis pariatur. Voluptatem facere voluptas accusamus.','porro','Dolore eum harum qui aut repellat consequatur deleniti. Dolorem possimus quas sed quibusdam. Eum molestiae ratione quia nobis qui suscipit.','Ecuador','Lake Lylaville','4643',25,'1995-12-10 06:29:24','1995-09-12 10:51:48'),(18,'Omnis aut magnam numquam dolorum. Qui fuga aut deserunt et. Consequatur nihil pariatur est officiis.','et','Saepe aut hic rerum aut. Est ab aliquam cum et. Assumenda natus cum voluptas distinctio voluptatem neque autem. Id quasi culpa sunt quae asperiores non ullam.','Madagascar','Champlinville','3112',11,'2012-02-05 21:02:52','1986-02-06 04:20:58'),(19,'Quia ea consequatur saepe saepe cum nobis. Incidunt dolor aut perspiciatis optio quia officiis quidem. Est repellat et totam tenetur ut.','minima','Explicabo distinctio voluptate quis voluptas dolorum maxime a. Quos est labore in animi enim. Eligendi ullam quos quis eos.','Monaco','East Theresemouth','1196',21,'1989-09-16 08:14:57','2003-08-05 10:48:20'),(20,'Quo quis aut et in. Explicabo sapiente voluptates et iusto aut ullam est. Ut accusantium numquam nihil veniam aut aut molestiae. Error sint distinctio voluptatem omnis quisquam.','veniam','Error neque accusamus dolorum sequi enim sunt sit voluptatum. Consectetur eum ut sint aliquam beatae rerum. Porro officia sit et saepe consequatur architecto. Omnis qui corporis in doloremque odio.','Austria','Tannertown','3282',12,'2017-01-30 11:11:40','2018-06-24 11:05:12'),(21,'Iusto alias accusantium nostrum minus. Ipsam voluptatem aliquam non delectus ea distinctio voluptate vitae. Autem quia molestiae animi ut maiores.','fuga','Saepe sit dolorem dolorem numquam voluptatem. Praesentium expedita blanditiis distinctio voluptas quas cupiditate. Voluptatibus nesciunt doloremque quis est. Asperiores ea est ut voluptatibus soluta mollitia praesentium.','Ghana','Port Gaetano','1442',18,'2001-02-21 08:45:53','1979-05-05 01:29:25'),(22,'Dolorem explicabo doloremque excepturi voluptates. Odio temporibus occaecati quis. Aperiam vel dolorem deleniti ea facere optio accusantium ea. Rerum vel sunt ut rerum laborum dignissimos.','nemo','Eligendi numquam est porro et error et in. Aperiam ad et non iusto eos provident accusantium. Est non id ratione non.','Tuvalu','New Hopechester','2135',30,'2013-08-11 19:22:37','1988-09-02 14:24:40'),(23,'Vero qui magni similique facilis illo perspiciatis. Quibusdam sed ducimus non omnis. Accusantium perspiciatis aut aut et. Facere ut nemo reiciendis est doloremque.','iste','Quisquam qui aut aliquid doloremque cupiditate quis. Soluta facere neque deleniti quam consequatur tenetur quia. Itaque et aut veniam inventore qui quis. Omnis quia dolores eaque odit possimus doloribus.','Uzbekistan','Port Beverlyfurt','3047',7,'1971-12-17 06:02:31','2016-03-27 16:38:51'),(24,'Rerum quae sint ab voluptas. Sint at ducimus nihil ullam. Provident quod consectetur dignissimos eveniet eum et optio. Quas dolores et similique excepturi consequatur.','quod','Dolor nobis hic porro. Voluptatem voluptates non ducimus ipsam et. Repellendus maiores labore quia unde.','Suriname','South Elinorestad','2859',22,'2018-03-20 10:58:30','2015-05-01 11:10:49'),(25,'Eius labore voluptate maiores non ex non. Totam mollitia ullam qui doloremque omnis. Saepe et temporibus reiciendis minima facere nihil. Incidunt quia suscipit soluta occaecati eligendi vero nam.','nihil','Iure nemo qui quo consequatur odit iste qui. Maiores accusamus dignissimos ut. Dolorum nobis aut consequatur vel.','Bermuda','North Vincenzatown','2145',7,'2015-08-26 02:17:20','2009-07-26 01:34:43'),(26,'Distinctio illo nisi explicabo perspiciatis beatae. Rerum architecto esse quibusdam corrupti. Est quis quia quo voluptas ad sunt. Nam earum officiis eum recusandae rerum eligendi iste perspiciatis.','iusto','Earum modi minima autem. Labore culpa omnis ea nisi velit soluta.','Bolivia','Janeview','1798',15,'1975-07-05 15:16:31','2003-09-30 04:33:44'),(27,'Amet voluptatem vitae corrupti illo quia et sed consequatur. Quibusdam quas non et rerum voluptates consequatur.','molestias','Id et dolores laboriosam hic. Dolore natus recusandae enim omnis est. Magni aut et repellat et quibusdam nam sed enim. Veniam nam mollitia ut minima occaecati unde sed.','Falkland Islands (Malvinas)','Lorenfurt','3334',3,'2010-05-11 09:28:20','1995-10-10 11:21:43'),(28,'Voluptatem praesentium nostrum reprehenderit quis quos repellendus ut. Exercitationem sit odio assumenda dicta inventore et. Amet velit deserunt laudantium fuga veritatis. Tempore rerum est maiores.','sunt','Illo ut iusto voluptas. Itaque molestiae non eos doloribus et. Id laboriosam fuga repellat.','Antigua and Barbuda','Winfieldberg','4048',6,'2002-03-14 18:06:47','2012-08-30 02:03:31'),(29,'Autem ut eius qui maiores. Cupiditate provident et eos at. Beatae expedita quod ipsum accusamus accusantium omnis quod.','facere','Qui vero qui quia sint est deserunt facere. Laudantium maiores voluptatem accusantium ullam quae maxime et. Maiores non cumque illum cupiditate veritatis ducimus dolorum ducimus.','Bouvet Island (Bouvetoya)','New Nadiatown','4472',27,'1973-11-23 02:11:09','1977-04-12 19:28:29'),(30,'Fuga consequatur et velit voluptas. Est dolorem molestias optio aut laudantium. Quaerat numquam cumque porro consequatur magnam non veniam. Recusandae ducimus omnis accusamus eos consequatur.','quia','Voluptatem blanditiis fugiat est fugit quia. Eaque autem est quidem amet quos. Sed nisi illum ea eius nihil.','Kyrgyz Republic','West Daijaport','4090',12,'1985-07-25 20:46:44','2002-04-13 03:14:11'),(31,'Magnam qui assumenda rerum et eaque. Maiores eius totam reiciendis quo laboriosam. Omnis perspiciatis omnis deserunt. Dicta autem consectetur explicabo veniam. Fugit atque consequatur culpa vero.','aliquam','Quidem magnam omnis omnis soluta optio. Rerum dolor qui sed dolores reiciendis. Repellendus facere quod et ut nobis.','Tanzania','Kreigerberg','2498',8,'2015-02-19 20:33:05','2000-04-26 22:18:26'),(32,'Qui pariatur velit eaque ea. Quo facilis voluptatem distinctio autem inventore occaecati. Aut odit laudantium blanditiis harum enim. Aut ut illum aut occaecati modi animi.','accusantium','Reprehenderit dolore molestiae eveniet. Id iste perferendis odit sed voluptatem. Hic rerum alias illo enim numquam. Et voluptas minus occaecati earum natus autem nihil.','Somalia','Rachaelville','1480',8,'2022-09-15 22:33:43','2022-11-19 10:47:58'),(33,'Quae officiis aliquam ex recusandae. Culpa asperiores quo ipsa qui. Tempora aut quod rerum odio aut corrupti.','labore','Nulla dolor animi aut ipsam minima. Sint at nostrum et recusandae. Voluptas id omnis omnis eum consequatur vitae possimus veritatis. Magni beatae vitae tempora similique eaque delectus.','Marshall Islands','South Cesarton','3090',5,'2006-04-15 17:25:47','1985-11-27 21:09:36'),(34,'Dolorum sed sed ipsam. Aut ad est aspernatur enim et corporis ut. Corporis earum velit ut repudiandae perferendis modi. Consequatur numquam quis maiores velit quidem.','ipsa','Quaerat eum nulla nihil modi doloribus. Aperiam et est molestias veniam ducimus et quidem. Porro velit quas eos aut tenetur praesentium.','Djibouti','Rosenbaumshire','2946',7,'2016-06-03 05:34:52','2017-02-01 11:15:43'),(35,'Aliquam cumque voluptates vel ex sit illo est. Doloremque sit natus quidem vero et labore tempora. Doloribus sit doloremque nobis excepturi quam quam blanditiis.','iste','Inventore dolorem dolores non dolorem autem sit. Possimus corrupti qui velit odit. Magnam omnis quo et enim dolor nostrum. Qui laudantium voluptatem et facilis.','Djibouti','Port Neilbury','4868',14,'1978-04-17 07:19:47','1996-07-26 23:58:24'),(36,'Dolor provident ut voluptate molestiae. Aut voluptas voluptatem quis ea possimus non perferendis. Minima officiis ut fugiat debitis vel voluptatibus distinctio.','dolores','Quasi impedit voluptatem alias minima illo labore minima. Harum atque sequi quasi labore voluptas eaque iusto suscipit. Possimus est perspiciatis saepe accusantium accusamus. Ut necessitatibus id ipsam. Accusantium at ipsum autem quia.','Lebanon','South Wilfrid','3834',14,'1986-03-07 15:33:32','2000-01-02 13:54:16'),(37,'Delectus dignissimos nihil minima iure. Eos omnis eum dolores et nam sunt dolor. Ut minus accusantium ut est. Voluptatem autem modi placeat fuga at sit.','sed','Est quod vero blanditiis asperiores. Sequi in occaecati est quas sit. Cupiditate est aut pariatur fuga. Aperiam autem occaecati non dolor consequuntur officiis culpa maiores. Quis assumenda soluta reiciendis quia aperiam omnis.','Belarus','South Jayneberg','2745',14,'2015-02-20 23:41:12','2005-11-22 21:19:00'),(38,'Veniam atque maiores ducimus sunt officia enim. Vero dolorem aut ullam est perferendis. Qui aperiam et accusamus libero in et voluptatum aut. Adipisci nemo repellat sint facilis animi.','qui','Quisquam enim quidem autem sed dolorem est. Itaque corrupti laudantium sit illo est doloribus voluptas. Assumenda quisquam provident hic id dolor dolores. Hic repellendus quod ipsa eos.','Norway','Clementinabury','4013',11,'1996-09-09 22:10:29','2014-07-21 08:56:49'),(39,'Eum ea non porro. Ab qui et totam repellat. Animi adipisci et ut provident rerum. Impedit similique velit consequatur magni nihil expedita. Id voluptatem vel tempore.','adipisci','Dolores voluptatem magnam sed aperiam deleniti at optio. Dolore autem facilis sed aut non. Sed dolore quis quidem consequatur doloremque id consectetur.','Russian Federation','Amparofurt','3573',2,'2002-12-13 22:47:18','1973-05-25 10:36:57'),(40,'Pariatur expedita cupiditate dolorem veritatis. Libero quas id necessitatibus repudiandae assumenda odit molestiae. Sequi architecto omnis quibusdam soluta. Eveniet id id inventore rem.','vel','Cum atque autem dolor est quod. Perferendis minus iure quia aliquam voluptates reprehenderit. Rerum animi fuga ipsam est.','Mali','New Laurelburgh','3140',26,'2003-02-09 02:36:39','2008-10-07 16:04:45'),(41,'Sequi exercitationem voluptate deserunt libero. Pariatur animi sit porro eligendi. Ad molestias quas nobis aut similique. Ullam illo sed laborum qui.','eum','Atque ratione eum quia ut cum consequatur. Aliquam modi quod voluptates ut quia. Quia corporis temporibus voluptatum sit eaque explicabo. Ducimus iure occaecati facere quas ut debitis.','Latvia','Yazminfurt','3269',20,'1970-08-17 11:53:57','2018-02-01 05:19:50'),(42,'Quas est quia sed ipsa adipisci. Maiores facere debitis magnam non.','dolor','Reprehenderit et laboriosam aliquam ut nesciunt id error. Corrupti id aut dolorum aperiam fugit totam blanditiis. In quae dolorem et totam pariatur soluta tempore.','Zambia','Ziemannfurt','4302',2,'1997-06-08 13:01:48','1978-08-26 12:30:39'),(43,'Saepe enim fugiat neque odio et. Nulla saepe eos est consequatur. Ipsa esse esse fugit consequatur quia dolore. Amet fugit est in quia.','rerum','Dolores ipsam reprehenderit pariatur quas rerum. Quia ipsum qui cupiditate fugiat qui rerum est nostrum. Sapiente inventore libero vitae laudantium eos. Quos facere voluptates animi inventore repellendus.','Slovenia','Lake Gabriellemouth','1997',6,'1985-10-15 08:38:37','2008-06-25 01:57:02'),(44,'Sunt iste rerum error asperiores totam asperiores dolores. Veritatis excepturi unde in accusantium placeat enim sint eum. Mollitia quaerat aliquam quos officia.','nihil','Aperiam qui exercitationem ipsam omnis unde suscipit. Ad asperiores corrupti voluptatum aut. Assumenda et consequatur ex et aut in hic.','Eritrea','Lake Pinkmouth','1341',22,'2011-02-15 19:46:02','2004-02-10 09:25:30'),(45,'Et ad dicta rem ratione fugiat. Molestiae nostrum non qui voluptatum dolorem vel laudantium. Ea suscipit veritatis enim commodi ipsam beatae.','molestiae','Velit doloribus sed fugit architecto sit. In et quis in unde. Numquam architecto illum quia quia reprehenderit impedit.','Uzbekistan','North Annaliseburgh','2166',27,'1991-07-27 03:14:57','1992-05-26 11:10:23'),(46,'Et voluptatem ut rerum doloremque consequatur aliquam. Autem vel illum quas qui nesciunt. Delectus ipsa aperiam est consequuntur ut ratione aspernatur.','velit','Assumenda distinctio ut quidem eum. Aut pariatur nobis quasi incidunt accusantium. Nobis consequuntur vitae quo occaecati unde. Minus quis illo magni eligendi in quae. Omnis aut dolorem consequuntur ipsam nobis porro natus ex.','Tajikistan','Port Mallory','1723',16,'1971-04-26 11:24:42','1979-01-19 14:25:42'),(47,'Et quisquam blanditiis odit aut earum. Nihil eveniet nemo praesentium illo consequatur voluptas.','assumenda','Distinctio voluptatem odio cupiditate. Ducimus repellat aliquid enim. Impedit et enim harum ex repellat. Reiciendis quibusdam dolor quo quasi.','United Kingdom','Beerberg','3179',7,'1989-08-12 12:25:20','1974-07-05 08:07:13'),(48,'Similique odit quia corporis ad in voluptatem. Sit adipisci voluptatem et corporis incidunt.','a','Corporis soluta eveniet dolor consectetur ea quae dolor. Error esse et ex sit quibusdam tenetur qui maxime. Quaerat omnis eaque molestiae et repudiandae. Incidunt et unde quasi aspernatur et amet consequatur.','South Georgia and the South Sandwich Islands','North Earl','1417',13,'2009-03-04 14:46:37','2018-09-09 01:20:54'),(49,'Debitis explicabo autem eos esse sed. Voluptate excepturi beatae quasi sapiente impedit consequatur corrupti. Repellat sit odit voluptas repellat consequatur magni.','sed','Rerum maiores distinctio dicta porro autem reiciendis eius. Id quis soluta esse. Voluptatem nesciunt nobis qui velit consequatur blanditiis. Quae expedita cum placeat temporibus consequatur in aut.','Falkland Islands (Malvinas)','New Vicente','1716',24,'1995-08-07 09:39:19','2022-07-23 11:52:13'),(50,'Aspernatur aspernatur et qui quidem aliquid aut alias. Dignissimos eos blanditiis et eos. Sint quia quod deserunt nesciunt. Eum iste cumque et.','autem','Laudantium delectus fuga rerum quam doloremque excepturi. Et qui dolorem et ullam. Velit ut qui iste laudantium quo. Ut harum quam sed aut.','Mexico','Lake Lily','2219',18,'2000-02-21 00:14:16','1991-10-19 06:57:42'),(51,'Voluptas ut consequatur non molestiae eos. Excepturi enim sint illo rerum modi. Quas consequatur ut eos nam eum aut in.','cupiditate','Et est esse ad sed. Esse aspernatur dolores aut. Reiciendis quaerat aut alias cum.','New Caledonia','West Freddiehaven','1623',20,'1985-09-24 12:53:07','1990-08-31 22:44:21'),(52,'Qui dolor hic pariatur voluptate soluta voluptas eos animi. Commodi quidem reiciendis doloribus doloremque placeat. Quia hic at dolores unde ex. Voluptas eveniet ea nam reiciendis placeat corporis.','id','Eum voluptatibus porro est. Dignissimos nesciunt a necessitatibus aliquam molestias. Laudantium voluptatem hic error sapiente.','Kiribati','Marcellaside','3668',17,'1991-08-16 04:56:01','2003-03-15 05:35:01'),(53,'In ut sed aspernatur dolores at qui veniam. Reprehenderit et mollitia esse voluptas. Quia qui perferendis similique in qui quia soluta at. Sapiente necessitatibus exercitationem qui qui.','in','Officiis sint omnis quae sed nesciunt fuga repellat. Dicta quidem cum error labore ex voluptatem eius. Dolor laboriosam ut amet voluptatem quo.','China','Clementland','2009',6,'2022-10-22 21:19:24','1980-01-08 14:23:29'),(54,'Distinctio at dolorum quasi. Dolores amet et sint. Dolores ut error esse dolores saepe et.','deserunt','Ut incidunt dolorem voluptates. Laudantium illum quia esse placeat ut deleniti. Quas harum sit qui provident sint quis ut vel. Fugiat soluta rerum voluptatum voluptate qui perspiciatis molestiae.','Cocos (Keeling) Islands','Kingshire','2164',26,'2022-11-25 14:28:56','1970-08-26 19:49:42'),(55,'Ut ducimus dolores quia. Et vero consectetur voluptas qui quam. Autem sint expedita aspernatur maiores dicta.','explicabo','Dolor dolorum inventore eaque quia excepturi ut. Quis quos omnis est ut voluptatem dicta voluptatem laborum. Facilis aspernatur eius natus aut ea consequatur.','Somalia','Corrinechester','3346',26,'2000-08-18 10:16:32','1970-09-20 06:49:19'),(56,'Et unde corrupti quo odio. Porro consequuntur et saepe qui nam vero. Qui aspernatur nulla sit nulla architecto similique.','et','Aut esse dolores nostrum impedit. Voluptates aliquid quidem voluptatum. Voluptas esse ab impedit praesentium quia. Eius enim omnis suscipit voluptas aut illum.','Tanzania','Boscofurt','4723',10,'2015-11-30 21:08:14','1988-02-27 16:34:11'),(57,'Error deserunt eos non inventore velit. Non repellendus nihil necessitatibus. Voluptatem velit odit nobis accusantium non. Explicabo possimus cupiditate explicabo ad dolor possimus.','facilis','Eum ipsum suscipit optio eum minus. Molestiae vero qui quas suscipit. Cum blanditiis molestias dolor velit atque ipsam ipsum. Sint sed voluptatem commodi rerum. Mollitia debitis atque debitis velit.','Japan','Port Daija','4522',24,'1974-05-23 00:34:35','1974-09-01 03:12:21'),(58,'Non fugiat quis fugit. Aut harum soluta natus nam minima at id quisquam. Vitae cumque est debitis autem et culpa delectus. Tempore omnis esse et aliquid iste voluptas.','ea','Quibusdam perferendis laboriosam culpa ullam saepe earum optio quia. Qui dolores in sed deserunt quos. Sunt eveniet quisquam sed impedit iusto vitae quia.','French Guiana','New Ellafort','4086',28,'1981-04-19 03:44:11','2004-12-13 15:29:31'),(59,'Et quisquam aut blanditiis consequatur modi mollitia pariatur. Est quia ex laudantium ipsa qui error maiores itaque. Omnis cumque vel facilis quia et et accusamus.','et','Sunt dolores quod corrupti autem est nemo. Veritatis numquam amet et et. Non dolores quia eligendi libero accusamus in enim.','Uganda','Lake Princess','1464',27,'1994-10-18 21:11:55','1979-01-31 18:35:47'),(60,'Et natus est debitis. Iusto alias delectus ut. Fuga ad et optio cupiditate nulla.','quos','Vel reprehenderit voluptatem magnam assumenda. Et perspiciatis quaerat eum eveniet. Odit voluptatem ut eaque delectus et. Dolor non dolorem minima quibusdam aut et maiores praesentium. Odit aut harum similique ipsam dolor.','Uzbekistan','North Vickiestad','1823',30,'2012-03-12 17:49:47','2016-03-22 05:10:43'),(61,'Voluptas quo ut blanditiis alias sint id. Voluptas et laudantium corporis dolorem inventore. Corporis nihil voluptatem id. Eos dolores delectus aut eligendi autem eius ut.','commodi','Eum repellat ipsa at molestias aspernatur perspiciatis vel. Voluptate modi non aut laborum quod dolore. Quas enim accusamus dolor voluptatem laudantium. Perspiciatis in at ex.','Lao People\'s Democratic Republic','West Llewellynhaven','2218',21,'1992-07-03 08:13:31','1998-04-13 00:16:27'),(62,'Qui quaerat qui molestiae maiores quaerat aliquid rerum. In consequuntur non consequuntur minima omnis saepe.','nostrum','Deleniti soluta quidem velit velit id optio asperiores. Sed praesentium inventore fuga minus dolor. Cupiditate fugit qui at commodi. Temporibus vel quo nihil numquam.','Cote d\'Ivoire','Okunevafort','2886',24,'1983-01-18 04:19:59','1992-12-31 13:06:15'),(63,'Odio reprehenderit inventore distinctio quia. Dolor dolores non aspernatur possimus magnam quasi pariatur eligendi. Dolor voluptates autem modi illum.','aut','Sit ut tenetur consectetur temporibus officia. Error libero officiis natus sed assumenda possimus unde. Dignissimos necessitatibus voluptatem delectus facilis voluptas aperiam.','Georgia','Blandaside','3619',27,'1973-03-28 21:29:19','1983-04-17 14:12:08'),(64,'Ad molestias qui nobis quas quibusdam. Fugiat debitis ea accusamus eius. Qui velit tempora soluta beatae.','quia','Sint vero cum in molestiae. Eveniet quasi odit aut sint ipsum molestiae. Unde quibusdam exercitationem culpa tempora qui. Et facilis illo quo et dolorem fugiat.','Anguilla','Susannaport','3289',3,'2020-08-11 17:32:06','1972-02-26 12:15:09'),(65,'Repudiandae a pariatur officia labore fugiat. Commodi corporis minima quos ut accusamus. Quae labore quod fugiat voluptates quisquam illum rerum.','autem','Dolore tenetur maiores id nesciunt reprehenderit natus aut porro. Dolor error maiores quidem sed ratione eum.','Libyan Arab Jamahiriya','Port Josianne','3573',4,'1987-03-29 10:46:15','1998-08-07 16:06:08'),(66,'Et aut quisquam totam in et rem sit. Autem quis consequatur aut quo iure quia. Ut laborum pariatur at ut aut nostrum nesciunt.','qui','Aut consequatur libero ducimus nesciunt. Et ratione illum alias autem. Qui voluptatum necessitatibus qui velit ratione tempora et. Perspiciatis voluptatem doloremque illo nihil in iure aut.','Maldives','New Trenton','3662',29,'2017-08-08 03:57:57','2002-09-28 15:36:48'),(67,'Culpa animi corrupti nulla explicabo aspernatur quaerat aut. Ratione impedit iusto sunt quae unde. Iusto qui ut eveniet iure qui et iure quod.','et','Nihil maxime ipsum repellat. Et et maiores ipsam omnis iusto perferendis laborum reiciendis. Aspernatur in maiores soluta. Mollitia autem dolore architecto fugiat.','Somalia','Allieville','3337',23,'1974-06-13 17:10:29','2018-11-11 04:09:11'),(68,'Ab repudiandae officia consequatur possimus. Minus beatae porro earum fugit et perspiciatis. Facilis eum in et.','sunt','Qui sint officiis sequi et labore eum porro. In sapiente recusandae voluptas aliquam deserunt. Modi corrupti enim magnam.','Falkland Islands (Malvinas)','Marksmouth','2313',18,'1984-07-13 00:03:33','1987-06-21 05:56:51'),(69,'Id iure placeat aliquid quae beatae quo provident animi. Deleniti accusantium dolorem eos illum porro ea optio. Expedita aut vitae fuga debitis. Reprehenderit ut non sint distinctio quaerat quam et.','eos','Consequatur aliquam asperiores labore quia voluptatem odit tempore quisquam. Adipisci quidem ab quisquam iste eum aperiam ex. Perferendis rerum est non ea.','Colombia','Kelsimouth','4928',24,'2011-12-09 16:42:12','1979-04-07 00:39:36'),(70,'Omnis amet aut eum autem nihil esse omnis doloribus. Est at vel exercitationem quia amet quam. Ipsam ut ut quia quis qui.','voluptatem','Et ut doloremque voluptatem sint. Cumque perferendis et ut enim. Veritatis ipsam ut velit excepturi sint. Qui sit nam sint.','Brunei Darussalam','Lake Raoulborough','1877',4,'2003-09-26 16:17:47','1994-10-24 10:03:34'),(71,'Aperiam itaque et iure velit amet. Numquam accusantium impedit saepe ut. Aut et consequatur maxime illum. Consequuntur quasi molestiae dolores.','quidem','Molestiae aliquam nihil ut culpa. Asperiores dolorem cumque exercitationem excepturi ratione quis. Doloribus optio expedita quia at.','Sri Lanka','Jordymouth','2723',30,'1989-03-14 02:17:55','1981-03-10 00:34:40'),(72,'Alias odio quod ducimus porro esse. Quas vel voluptates nostrum voluptates perspiciatis. Ab non ipsam aut officiis. Recusandae enim dignissimos magnam libero quam qui delectus.','in','Quas sunt aliquam qui. Aliquam in maiores animi asperiores. Magnam vel illo quos non.','French Southern Territories','Vilmaburgh','4195',2,'1986-08-26 16:47:58','2006-10-05 20:39:43'),(73,'Doloremque culpa alias voluptatem officia sed beatae molestiae. Consequatur aliquam ea sunt qui voluptas sunt consequatur. Soluta assumenda optio provident mollitia aspernatur et qui.','quos','Quidem minima sunt non quia quo qui non. Nulla laudantium voluptatum impedit dolorem repellendus. Similique voluptas dolore asperiores architecto et. Aut sunt qui esse vel natus.','Pakistan','East Chandlerbury','3654',24,'1984-09-09 10:54:32','2020-05-23 05:53:36'),(74,'Fugit in similique sint beatae. Voluptate maiores eos sint sed et. Aut eos aspernatur voluptates omnis quasi aspernatur id. Assumenda quas nulla sint quo.','suscipit','Fugiat unde qui et soluta expedita. Deleniti vel tenetur commodi occaecati velit consequatur. Dolorum dolore ut molestiae nulla consequatur et possimus.','Serbia','East Jessika','1692',25,'2001-10-02 06:34:00','1993-12-04 17:17:13'),(75,'Fugiat optio dignissimos esse quod consequatur quidem sit quos. Dolores atque perspiciatis dolorem maxime.','nesciunt','Pariatur exercitationem aliquam odit quo officia maiores et. Autem non ut adipisci quam explicabo.','Marshall Islands','Albertoberg','2067',18,'2000-04-19 07:21:02','1976-04-20 20:27:26'),(76,'Repellat est error et. Totam dolores quaerat repudiandae aperiam numquam et dignissimos. Voluptatem porro sunt ea.','odio','In repudiandae ut accusamus unde. Omnis vel officia aliquam alias porro. Hic voluptatem tempora possimus ex vero voluptatem.','Dominica','Erdmanport','3066',19,'2015-06-05 10:07:41','2011-07-11 04:55:54'),(77,'Libero quae laudantium sunt commodi rerum adipisci. Culpa quia perspiciatis eos nihil et eligendi sit consectetur. Occaecati explicabo quia aut officiis.','fuga','Necessitatibus ipsum tempora magni qui animi cupiditate molestiae. Consequatur voluptatem velit sunt sequi. Doloribus magni eum itaque vitae facilis quasi. Sint nulla quam aliquid quaerat nihil asperiores.','Liechtenstein','New Kaia','3098',27,'1985-03-27 21:06:55','1998-09-02 00:49:09'),(78,'Maiores enim non aperiam doloribus exercitationem qui dolor. Quasi iusto et dolore similique nam. Quod id consequuntur numquam et adipisci aut fugiat. Veritatis accusantium autem et nesciunt.','perferendis','Doloribus est eaque provident et ullam. Alias in fugiat quas repudiandae commodi quo distinctio alias. Eligendi consequatur ratione minima voluptas.','Ecuador','Braunfurt','2554',29,'1997-07-29 18:09:58','2022-01-21 08:57:36'),(79,'Expedita quaerat quod quis facilis in aut. Aut tempore et mollitia minima officiis qui quis. Nihil accusamus reiciendis est non. Unde corrupti exercitationem quasi rerum voluptatem velit earum.','dolorem','Dolorem consequuntur harum quas sapiente. Dolorem rerum et nesciunt qui dicta voluptatum.','Andorra','East Serenity','1622',8,'1978-05-05 05:57:59','1991-02-25 20:18:24'),(80,'Exercitationem ratione nemo aut sit. Ducimus provident nisi minus minus est qui omnis. Qui optio quos incidunt quos laboriosam sunt.','inventore','Ad quam dolores et ut omnis. Quasi eveniet assumenda qui laboriosam quidem commodi sint. Cumque error natus aut in qui.','Gibraltar','Josephstad','4436',2,'1988-04-19 07:04:15','2005-01-22 20:08:03'),(81,'Mollitia eaque sint eaque porro laborum. Explicabo dolore molestiae voluptatem nobis. Eos ut aut voluptates sit in.','hic','Autem vel repellat cumque. Provident aut voluptatum incidunt. Omnis sed quia eum consectetur id earum ullam. Quia voluptas ducimus explicabo placeat facere aut. Aut quo ipsa est excepturi modi maxime.','Montenegro','Jastfort','4453',8,'2015-08-25 22:44:41','1990-08-07 14:37:39'),(82,'Quia placeat qui unde voluptas. Aut voluptatum esse voluptate minima et ratione laudantium. Doloribus dolor dolore inventore sint placeat voluptas.','libero','Eos quod assumenda voluptates id omnis accusamus. Ab ut modi quaerat perferendis qui praesentium. Et commodi ullam fuga.','Cape Verde','Lake Rozella','4155',25,'1984-12-06 05:53:24','2009-03-17 15:44:06'),(83,'Magnam dolorem sed possimus quibusdam aliquam. Reprehenderit rerum quis consequatur voluptates. Corporis doloribus saepe libero rem.','ea','Aut voluptas rerum sequi ipsa. Distinctio totam sit omnis ea quis laboriosam eos. Corporis rem saepe omnis rerum. Totam incidunt libero consectetur dolore. Laborum debitis animi explicabo minima.','Australia','Lake Sim','2339',24,'2001-11-01 13:38:34','1983-03-28 22:42:33'),(84,'Qui sit et sint id. Deserunt dolorum quod provident quia est incidunt impedit. Provident quod et optio error ut officia aut esse.','minima','Dolor ea totam error eos deserunt ut. Modi sunt recusandae eos tenetur ut officiis. Quisquam est tempore accusamus. Delectus autem laboriosam quisquam a sint fugiat et.','Ethiopia','East Evansfort','1934',4,'2017-12-23 20:39:07','1998-05-30 09:13:36'),(85,'Sunt quia odio porro eveniet rerum. Amet commodi autem facilis dicta quibusdam. Cupiditate unde quia iste sunt quod eum animi.','debitis','Vero asperiores debitis laboriosam error beatae. Dolor accusantium aut quia. Alias error praesentium odit odit magnam dolorem quia unde.','Lithuania','East Ginofort','4246',20,'1981-05-19 21:28:41','1972-01-15 13:32:55'),(86,'Aut aut qui omnis ut commodi autem. Earum ut magnam ut quam quaerat in hic. Deserunt consequuntur voluptates velit excepturi blanditiis quia. Quo numquam commodi et itaque et.','sed','Est dolores quidem sunt velit harum quia. Et repellendus cum voluptate nobis quod recusandae. Animi et hic dicta amet rerum ipsum iusto. Atque laborum vero minus iure.','Holy See (Vatican City State)','West Astrid','2908',3,'2015-02-12 04:30:23','2008-10-29 12:29:56'),(87,'Dolores vel quis ad et ex. Est quo corrupti sit similique similique veniam maxime fugiat. Non veritatis temporibus magni nihil. Ut quis sed ut inventore.','reprehenderit','Reiciendis et occaecati harum ratione qui et. Vero doloremque aut aut. Odio aliquid ratione exercitationem excepturi debitis amet. Veniam consequuntur eius quis sit enim.','Seychelles','Port Augustinemouth','3742',21,'1991-04-29 23:21:10','1973-03-19 00:31:34'),(88,'Et illo autem veniam sit. Perspiciatis iste atque maiores aut quas. Iure ut dicta consectetur rerum. Pariatur ad illo rerum et eos quaerat et.','et','Et quia quia molestiae fuga. In iusto quia aspernatur odio. Dolorem ipsum dolores repudiandae ut officiis hic sed.','Uruguay','New Elissa','1730',8,'1970-01-24 07:41:19','2003-10-13 20:05:34'),(89,'Dolorum ea quisquam nesciunt. Aut laudantium facere animi architecto aut et. Vel atque ad sunt beatae incidunt porro asperiores. Ipsam et voluptatem blanditiis voluptatem.','quia','Voluptatem deleniti ut qui aut dolor sunt ea reprehenderit. Atque eos omnis consequuntur voluptatem officiis tempora mollitia. Est consectetur quo autem.','Kazakhstan','South Bartholomeport','2598',17,'1985-04-09 20:03:54','1976-11-04 07:11:14'),(90,'Itaque omnis fugiat ipsam sunt ut aliquid id sapiente. Et maxime quo in eum dicta. Dolor odit est neque mollitia neque.','repellat','Aut velit laboriosam dolorem eum autem velit. Dolor facere nihil non maiores. Quam omnis sed ducimus expedita vel magnam.','Uganda','Predovicborough','3000',11,'2002-06-25 12:44:55','2001-03-27 07:05:58'),(91,'Fugit occaecati optio sit consequatur. Dolores ipsam qui impedit cumque. Similique eaque a itaque omnis. Voluptatum deserunt et rerum iusto. Soluta est labore mollitia odit.','nulla','Sunt voluptatem a modi harum omnis sapiente exercitationem. Perspiciatis fugiat sequi nisi distinctio numquam recusandae ab. Natus ea dolor impedit voluptate quis.','United States Minor Outlying Islands','Port Emerymouth','3192',7,'1986-11-28 22:48:56','1985-03-09 01:25:24'),(92,'Quam officiis magnam magnam voluptatem quia. Nihil sed et labore quisquam. Ad quas ratione quia quam aut. Blanditiis rem voluptatem exercitationem totam dolorem.','occaecati','Et quos sed fugiat fuga sed. Et neque doloribus iure natus. In ut eum ipsam aliquid voluptas aliquam. Eveniet accusantium necessitatibus placeat aliquid possimus explicabo quod.','Algeria','Spencerport','1907',13,'2018-07-28 08:08:08','1999-07-28 16:01:20'),(93,'Qui fuga atque laborum illum sequi reprehenderit. Fugit corrupti officiis totam voluptate et dolor. Non maxime minima vero unde necessitatibus. Et ipsum consequatur quidem facere.','sint','Qui fuga provident ab voluptas quasi repellat cumque. Ea et aut laboriosam facere quia tenetur. Qui quas vel labore officiis nesciunt reprehenderit.','Portugal','Lake Caesar','4123',5,'1993-07-01 11:11:25','1971-07-20 02:58:33'),(94,'Cupiditate et nihil magni enim perspiciatis animi eaque. Ex dolorem et vel dolorem. Expedita est eius libero perspiciatis. Quia voluptate est non iste.','iste','Soluta enim quia voluptas illum ipsam reiciendis at. Et libero placeat non placeat deserunt molestiae quis. Voluptatem dolor qui quia beatae rerum. Ex hic ea expedita. Et voluptatum ratione saepe sunt.','Korea','South Marguerite','3889',22,'1980-08-12 12:52:09','2022-01-16 01:26:30'),(95,'Sunt dolore voluptas molestiae rerum. Et delectus quam aliquid quia corrupti quasi et. Sunt provident magnam maiores ut laborum a. Rerum amet enim maiores ut a aut.','aliquid','Adipisci beatae qui libero deserunt sed eum corporis. Voluptas quae quos laboriosam excepturi atque nisi rerum rerum.','Croatia','Rosietown','4662',12,'1986-04-17 01:07:30','1977-05-11 08:03:48'),(96,'Eligendi nihil rerum maxime explicabo deserunt quisquam quia. Quis voluptatem accusamus ipsam maxime est. Suscipit dolor ea illum vitae consequuntur ut voluptatum.','et','Non ipsum illum eos dolor sequi dolor id. Aspernatur id recusandae culpa sed nam voluptas quia. Amet excepturi itaque officiis non aliquam. Ipsa vel eveniet ducimus sit corporis non.','Colombia','Port Loganmouth','3997',23,'1973-02-07 14:01:43','2012-12-28 01:57:38'),(97,'Nobis qui eveniet dolor doloribus laudantium. Ab delectus repudiandae est dolores. Fugiat fuga eveniet dolorem molestias. Veritatis officiis est beatae quod.','tempora','Laudantium fugit consequuntur eos necessitatibus eius omnis impedit sit. Autem dolore voluptatem minus autem esse sit. Voluptatem necessitatibus qui sed vel laborum voluptatem iste.','Bermuda','Ullrichland','1073',14,'1972-03-28 02:52:11','1992-12-07 21:20:22'),(98,'Similique esse quaerat autem officiis. Voluptatem ut officia id eveniet cupiditate. Voluptas totam similique consequatur magni et. Autem sed neque saepe reprehenderit.','nemo','Quaerat in distinctio ut quidem eveniet. Cum quia velit sapiente atque necessitatibus optio. Et numquam rerum cumque id. Accusamus quia quae voluptas ut quis ut.','Australia','West Maritzafort','1808',20,'1995-03-31 17:10:01','1981-07-11 03:22:49'),(99,'Ipsum velit odit consequuntur cupiditate cupiditate magnam tempora. Impedit repellat commodi odio neque fugit aut officiis.','velit','Tempora rerum officia id nihil reiciendis aut. Molestias ea et et doloribus. Delectus voluptas qui eos nesciunt quae iste. Repellendus dolor velit blanditiis temporibus necessitatibus fuga numquam.','Russian Federation','Morissetteberg','1471',25,'1997-04-02 05:54:57','2004-12-13 21:26:27'),(100,'Iure hic iusto voluptate. Eos eaque cupiditate culpa veniam sit explicabo. Exercitationem ea deserunt fuga reiciendis ea et. Qui optio fugit necessitatibus et non molestias.','dolorem','Tenetur maxime non maiores est. Est consequatur accusamus tempore doloribus. Qui facere excepturi sit sapiente. Ipsam unde est vitae quo.','Uzbekistan','New Jessland','2022',5,'1984-09-12 15:40:19','2022-07-06 13:09:02'),(101,'Deserunt quae id est iure voluptas. Esse laudantium et earum enim. Odit voluptatem quis perspiciatis corrupti in odit quos. Libero doloribus laudantium beatae labore odio error et.','labore','Rerum earum incidunt incidunt quidem maxime tenetur ea. Voluptate sit repudiandae voluptas sit. Iure totam natus necessitatibus nesciunt.','Guatemala','Aracelyfurt','1820',23,'1986-09-19 13:37:01','1983-07-20 08:03:27'),(102,'Consequuntur iusto ut harum quas quibusdam molestiae. Amet qui id tenetur dolorum quaerat saepe rerum velit. Placeat doloremque error quia quia laudantium.','laudantium','Maiores dolor ut quia unde rerum iste. Vero aut est rem soluta tempore rerum. Aut autem est sit aliquid voluptas sunt facere. Molestias saepe voluptatibus veritatis omnis dolores consectetur animi accusamus. Cum non nisi magnam ut deserunt qui et.','Faroe Islands','North Consueloshire','2183',1,'2015-03-31 15:06:37','1979-12-22 01:10:12'),(103,'Consequuntur voluptas dolorem aliquid rerum impedit nihil ipsa. Voluptas inventore reprehenderit voluptates sit voluptas voluptas quas.','accusantium','Tempora eos animi eveniet earum nobis officiis. Possimus numquam vero dolores odit modi quasi adipisci. Eos fuga ipsam minus dolorum est id.','Cayman Islands','East Randal','4108',26,'1983-12-26 14:16:33','1973-09-14 18:37:57'),(104,'Maiores velit veniam odio est consequatur est. Eum inventore suscipit aliquam voluptas. Eos doloribus alias reprehenderit rerum qui. Veritatis ut exercitationem consequatur.','architecto','Perferendis rem nisi sit rerum cupiditate totam. Fuga voluptatem et quibusdam sed consectetur beatae dignissimos voluptatem. Quasi fuga ducimus quia nam facere. Iusto ab nihil nam illum rem sunt cumque.','Australia','East Phoebeshire','1981',30,'2003-12-14 03:35:58','1999-05-13 22:06:17'),(105,'Non eum dolore non repellendus. Reprehenderit accusantium quia itaque temporibus enim in.','officiis','Laboriosam debitis ipsa consequatur adipisci et. Ipsum porro ad eius quas dolores quasi. Id maiores voluptas neque doloribus expedita. Quas sit vitae ea architecto unde.','Guinea-Bissau','Lake Sanfordville','3921',17,'1994-10-21 14:54:48','1976-06-30 23:12:54'),(106,'Enim commodi impedit aliquid dolor sint. Nisi porro doloremque vel impedit corporis dolor. Et officiis veniam voluptas qui hic modi repellat.','doloremque','Vel voluptas ut quaerat nihil. Numquam quas facilis ab sit. Perspiciatis ipsa est nisi quia aut quis et saepe. Natus ipsa consequatur natus.','Argentina','East Cordelia','2932',21,'1993-08-26 12:42:28','1987-05-14 18:59:39'),(107,'Tempore optio ipsam inventore. Vel et sit animi iure nisi et. Aut dolore iusto corrupti aut et omnis eius. Laboriosam modi suscipit dignissimos qui sit quasi quam.','quo','Vel quis doloribus inventore id sapiente. Ut optio non tempore id nihil eum dicta. Eos voluptatem qui illum explicabo et est est. Quibusdam et sit vel ea.','Madagascar','Cortneyport','3784',25,'2006-07-26 00:05:47','2015-09-01 03:05:15'),(108,'Tempora voluptatem provident eligendi. Est reprehenderit ipsam et quis rerum. Dolores maxime consequuntur est voluptatem quos. Repellat ratione architecto dicta ad.','temporibus','Distinctio soluta voluptas non fuga consectetur temporibus reiciendis. Qui ut eius expedita occaecati ut distinctio. Minima molestiae ipsa ipsum laudantium dolores rerum.','Wallis and Futuna','Peggietown','3310',18,'2003-02-12 15:32:58','2022-06-08 14:34:08'),(109,'Rem aut nam vel alias nostrum. Distinctio et corrupti fugit officiis ab numquam molestiae. Quia eum minus voluptatem modi.','deserunt','Eum sit numquam et ut in inventore. Qui et sit vitae commodi in dolores et. Libero assumenda repellat accusamus quos et aut dolorem. Consequuntur in quo id tenetur error.','Bahrain','Lake Rosiechester','1254',16,'2019-04-13 05:42:42','1999-11-22 15:54:04'),(110,'Placeat distinctio eius eum voluptates. Quo aut recusandae et id a. Et aut nobis natus ratione expedita fuga autem. Sit laborum earum quod. Sint ad quos ad molestiae possimus magni distinctio.','cumque','Repellat repudiandae eum laborum quis deserunt. Quas dolorem quia soluta dolores voluptate distinctio. Cupiditate et debitis dolores.','Palau','Lake Meredith','2443',17,'1986-07-18 22:29:44','2021-06-17 04:00:37'),(111,'Voluptatibus aperiam neque eum placeat aut nesciunt. Molestiae deserunt sed quia adipisci quia eius. Consequatur sed qui aperiam nemo eum voluptatem nulla.','blanditiis','Quis perferendis perspiciatis expedita quaerat. Occaecati est velit sint maxime. Consequatur deleniti cumque autem illo incidunt eos.','Saint Helena','Bauchview','1538',25,'2018-09-13 05:33:00','1984-12-27 02:25:51'),(112,'Sint architecto autem nemo sit tempore. Quae at est ipsa deleniti delectus earum. Quisquam enim sit minima dicta quia.','non','Amet commodi sapiente repellendus consequuntur accusamus. Tempore sint ut vero et alias nihil. Dolor vitae magnam officia doloribus et culpa ex.','South Georgia and the South Sandwich Islands','Adonisberg','2273',8,'2003-02-23 23:48:13','2000-06-04 21:07:04'),(113,'Et maxime ut nulla provident earum fugit. Unde rerum nobis quo eos illo. Et in soluta qui nihil voluptatem id. Et est eum ex neque voluptatem labore.','nihil','Quidem recusandae fugiat rerum nemo. Est sunt nemo est illo minima sit sunt aut. Nisi et explicabo quae omnis voluptatibus soluta rerum.','Finland','Port Paytonbury','3928',11,'1986-10-22 04:52:31','1993-06-17 11:40:21'),(114,'Quaerat aut corporis accusamus est eligendi molestias accusamus. Dicta sit qui sequi eveniet. Illum quis ex quia neque impedit. Corrupti expedita magni facilis iusto possimus rerum.','ea','Quibusdam dolorem in placeat doloremque sequi non voluptatibus dolores. Corporis minus perferendis exercitationem et nesciunt qui nobis ut. Id nobis esse magnam dolorem. Consequatur quia in praesentium rerum voluptas sed expedita ipsam.','Belize','West Titusville','4143',10,'2019-07-18 06:43:45','1979-11-01 23:18:15'),(115,'Quas ratione et ipsam voluptates officiis aut consequatur. In aut harum possimus molestiae. Quas consequuntur minima rerum quibusdam ut rem modi vel.','voluptatem','Voluptatem voluptatem sit saepe fugit. Accusamus iusto consectetur soluta quis. Quisquam qui numquam ipsam dolores. Placeat ut nobis necessitatibus.','Samoa','East Lisandro','3686',25,'1980-08-30 04:43:26','1982-11-21 11:35:24'),(116,'Accusantium et vel repudiandae nihil voluptatibus odit et. Illo nulla natus quia est illo unde. Facilis numquam voluptate voluptas soluta sit. Repudiandae eos error sapiente dolores.','repudiandae','Et maxime aut atque et non minima. Et magnam occaecati in quo autem. At assumenda et earum. Fugiat fugiat id neque aperiam.','Bangladesh','Elissaland','1098',20,'2009-12-28 05:12:58','2011-07-08 06:59:35'),(117,'Qui repellat quae a perspiciatis inventore facilis. Aliquid laborum autem reprehenderit laborum et. Nihil voluptas quia adipisci nisi minus.','ea','Nisi eaque voluptas est voluptate laudantium consequatur doloremque. Qui qui aut et placeat aut veritatis est. Maiores et et dicta reiciendis eius consequatur magni.','Poland','East Jalonstad','1164',5,'1979-05-29 00:51:34','2001-04-17 16:25:29'),(118,'Minima distinctio corporis molestiae odit. Sapiente nisi atque facilis vero.','aperiam','Ipsam occaecati nihil dolore. Officiis et dolores similique dolorum aut tempore. Cupiditate odit qui perspiciatis enim.','Gambia','Port Aniyah','2384',12,'1993-05-04 23:50:02','1999-07-31 09:19:42'),(119,'Laboriosam ipsa fuga pariatur accusamus est. Necessitatibus sit in qui aut sed placeat maiores. Excepturi vel asperiores id et quisquam aut doloribus quae. In asperiores saepe architecto.','itaque','Eos atque aut soluta error. Earum qui quia sit ut et quia. Mollitia dolorem sed excepturi quasi laboriosam.','Kuwait','North Boberg','3460',23,'1994-10-16 07:42:16','1988-05-22 02:09:31'),(120,'Aliquid quos magnam culpa. Corporis consectetur quis eligendi ut ducimus sint repellat. Facilis magni voluptas fugit est sit.','et','Rerum voluptates excepturi expedita et. Aut sunt impedit quia aut ipsa ipsum commodi.','Bulgaria','South America','3506',12,'1999-09-26 07:39:40','1971-11-16 08:39:30'),(121,'Eaque sed voluptatibus qui fuga ut unde quisquam neque. Qui atque quos sed ratione at. Ut et facilis facilis explicabo.','possimus','Totam sint nemo commodi ducimus. Eligendi et nihil quaerat maiores accusantium quaerat. Dolore quidem molestiae molestiae et velit et tempore. Ea officia quaerat facilis quia ducimus. Aliquam est tenetur ex quam vero.','Papua New Guinea','Haagborough','4402',27,'2016-05-23 15:18:09','2016-06-27 06:01:44'),(122,'Ipsum quas rerum perspiciatis voluptatem pariatur. Aperiam sed sit cum exercitationem voluptate ea.','accusantium','Atque iusto consequatur unde ut id ex. Rerum itaque magnam a aut quo aliquid. Ut voluptates cupiditate sapiente. Omnis vero molestiae cum omnis. Porro necessitatibus ut fugiat ut sunt vitae architecto.','Belgium','South Rustyborough','4577',28,'1996-12-25 07:03:00','1970-11-28 18:10:24'),(123,'Qui temporibus accusantium aut voluptatibus. Deleniti dolor assumenda aut saepe. Ea odio sequi aliquam explicabo reiciendis commodi ad. Laboriosam voluptates facere adipisci.','dicta','Dignissimos vel est recusandae beatae architecto ut dolorum. Unde in expedita vitae est ipsa earum eveniet veritatis. Iste non quo voluptas dolor impedit numquam.','Denmark','New Kathrynestad','4401',22,'1973-10-22 13:46:13','2002-03-03 00:38:46'),(124,'Reiciendis et cum mollitia. Repudiandae est magnam laboriosam quaerat. Iure pariatur quos sit magni quos iusto. Aut repudiandae magni quia enim culpa quisquam est.','autem','Aut dolor quos nihil et illum. Excepturi ipsam qui voluptates. Hic mollitia et qui ipsum ut vel. Inventore repellendus molestiae numquam. Ut impedit et non labore magnam aliquam.','Guadeloupe','New Kadefort','1199',13,'2018-07-05 18:39:06','1990-11-13 02:21:25'),(125,'Non veritatis expedita qui similique est. Qui dolorum voluptas sapiente libero natus est vero. Impedit quo est non vel ut qui eius aliquam. Molestias rem doloremque perspiciatis ut.','perspiciatis','Ullam voluptas possimus exercitationem et ut quas nobis et. Amet cumque quam sunt explicabo consequuntur omnis. Neque sint aut voluptatem voluptatem ratione. Sed tempore doloremque ipsam.','Seychelles','Lake Charleneberg','1484',16,'2008-11-07 02:59:27','2010-08-31 15:31:40'),(126,'Id voluptatem quia repellat distinctio pariatur. Qui in est deserunt architecto ea explicabo at magnam. Est non magni commodi enim.','incidunt','Dolorem eum eaque iste enim voluptates ipsa consequatur assumenda. Tempore excepturi vel qui aperiam sit. Velit consectetur quia aut velit provident ut voluptatibus odit.','Guernsey','North Van','3412',10,'2004-10-08 21:35:19','1972-04-03 21:32:39'),(127,'Qui quia deleniti est voluptates dicta. Sit molestiae sit voluptate aut est.','provident','Aut nulla consequatur ducimus omnis veritatis. Sed vel eum et incidunt amet est unde. Ullam deleniti a modi dolores eaque error. Quia aperiam accusamus omnis.','Zambia','West Rozellaville','4133',27,'1970-07-22 15:34:28','2005-01-15 19:58:22'),(128,'Dolores voluptatem eligendi deleniti unde et similique. Voluptatem molestiae sed ad natus et et. Temporibus facere dolores expedita eum illum dignissimos. Totam eum aut exercitationem.','nesciunt','Dolorum qui illo consequatur sequi voluptas dignissimos numquam. Perferendis totam laudantium rerum occaecati debitis aut dolor praesentium. Voluptatem numquam nesciunt repudiandae. Consectetur natus architecto distinctio autem nostrum molestiae.','Saint Vincent and the Grenadines','North Gustave','4980',20,'1995-11-26 00:45:37','2004-02-26 19:30:59'),(129,'Ut possimus commodi et quia quia voluptas et. Vel doloremque eveniet omnis. Fugiat quos sapiente est. Iusto voluptas at voluptate accusantium.','quia','Sint non cumque eveniet quia eius. Nisi quae harum mollitia impedit omnis consectetur.','Central African Republic','South Bertha','1852',7,'2019-10-05 08:27:45','1974-07-09 09:45:25'),(130,'Laboriosam eos est non hic. Possimus sunt cum quod qui. Quo impedit eaque laboriosam magni ad ab.','quis','In sunt quidem doloremque. Optio distinctio voluptas quisquam minus. Adipisci fugit ut asperiores voluptatum optio nam dolorum consequatur. Dolores sequi dicta sequi.','Swaziland','North Dockshire','3023',29,'1993-01-21 18:15:51','1973-05-17 16:03:07'),(131,'Laborum ut quos sunt incidunt sed vel recusandae. Nobis consequuntur magnam quisquam officia. Qui velit doloribus distinctio sit quod.','aspernatur','Error quam expedita rerum adipisci at ratione ut. Qui rerum est ducimus sit exercitationem architecto et. Dolore provident fugit dolores quis debitis aspernatur sint. Expedita et illum ipsam qui deleniti aut ut.','El Salvador','Creminchester','4631',20,'2011-07-05 22:16:30','2007-02-19 11:29:09'),(132,'Tempora id est maiores fugiat. Omnis voluptatem qui doloremque excepturi quidem vero illum. Sed consequatur at ut tempore corrupti.','quo','Eaque vel velit repellat sequi laudantium consequuntur explicabo. Quia harum maxime qui sit quo. Non deserunt totam et animi voluptatem officiis. Quos reiciendis amet dolore vitae soluta reprehenderit odio.','Haiti','South Amyfort','4174',6,'2010-06-24 09:01:33','2012-05-17 06:19:06'),(133,'Voluptatem qui tempora dolorem reprehenderit cumque quis cupiditate. Porro et sed ea odio laudantium. Ipsa consectetur deserunt molestiae cupiditate perspiciatis.','cupiditate','Exercitationem ex aut dignissimos autem maiores soluta id nobis. Explicabo assumenda optio animi mollitia odit. Quisquam molestiae sit ut aut in in. Quis consequatur est nihil tenetur consequatur.','Gabon','Port Ethaland','4945',13,'1994-08-19 18:52:59','1982-05-30 19:12:51'),(134,'Quis et eveniet eum placeat earum expedita. Repellat repellat accusantium eum eligendi. Dicta vitae ullam id animi reprehenderit voluptatem. Esse et numquam tenetur.','iusto','Alias labore sequi voluptatem itaque hic ea unde. Facilis vel in dignissimos molestiae. Ex ipsa praesentium eius et assumenda est est.','Senegal','McClurefurt','3035',9,'1987-01-31 01:48:43','1977-01-28 21:52:24'),(135,'Error est eveniet autem non et facilis vitae omnis. Voluptates dolor necessitatibus cupiditate tenetur. Quas eum harum quia molestiae. Minus dignissimos aut dolorem ut illum et.','id','Harum quos consequatur quo dicta. Pariatur molestiae esse officiis. Quia aliquid ut porro maxime molestiae consequuntur eligendi animi.','Isle of Man','Port Jaimeshire','3626',10,'1973-01-26 22:20:24','2005-11-07 14:38:17'),(136,'Blanditiis in laborum repellat quae omnis neque perferendis. A molestiae dolor ut officia minus nihil. Rem rem voluptatem ut officia. Facere debitis corporis ullam a.','aut','Itaque optio aperiam corporis. Et optio qui repudiandae. Quia voluptatum ipsa doloremque natus nostrum rerum minima et. Natus sequi necessitatibus ipsum.','Trinidad and Tobago','Lake Raeganfort','4404',30,'2022-02-26 20:23:39','1981-04-06 05:55:09'),(137,'Molestiae temporibus at sunt soluta est. Nihil error magni eum ut tempore ad natus. Ullam sit dolor sed ducimus cumque voluptatum.','earum','Modi nulla est corporis architecto quam eos. Alias quo aut quis totam distinctio ea. Voluptates ipsam quis recusandae sed animi.','Germany','North Parisville','3488',18,'1992-08-07 13:46:52','1977-12-30 05:25:27'),(138,'Praesentium rerum quidem quam est accusamus consequatur enim. Corporis culpa cupiditate architecto explicabo provident aut alias.','nam','Rerum veniam perspiciatis unde quo quo debitis sint repellat. Laudantium beatae dolores cum enim unde. Ullam quis ea reiciendis dolores illum consectetur possimus.','Kazakhstan','Port Kyraport','1893',14,'2017-05-06 15:40:32','2002-08-28 20:19:06'),(139,'Animi non qui ad ut atque voluptas velit. Atque aliquam soluta voluptatem animi. Quia quam atque eius modi dolorem. Consequatur enim voluptates ullam eaque nihil.','sapiente','Nam id non corporis. Aliquid placeat aliquam autem nihil debitis quo. Fugiat ut tenetur sit.','Isle of Man','Austenshire','2388',7,'1978-07-08 11:01:01','1998-02-02 03:40:35'),(140,'Quae consequatur illum cum odio. Vitae animi est ut incidunt aut at fuga. Id minus in veniam saepe eaque.','nihil','Consequatur dignissimos ut est qui. Rem aut et tempore quod laudantium. Qui iste sunt laboriosam ipsam voluptas dignissimos odio ex.','Malta','Rosannaville','1940',20,'1996-03-12 12:01:52','1976-06-02 00:08:16'),(141,'Quos veritatis fugiat voluptas aut culpa provident possimus. Mollitia veritatis rerum nemo velit. Aut sed consequatur totam eius perspiciatis iste molestiae. Eos et voluptatem reprehenderit dolorem.','sunt','Aut ex blanditiis soluta porro vitae dolorem. Modi odio maiores voluptatem quo quis quae natus pariatur. Aut dignissimos eum laboriosam.','Anguilla','South Vestaville','1779',15,'2010-08-13 09:51:28','1980-08-22 08:18:33'),(142,'Aut voluptas enim sint quidem. Quis suscipit natus harum odio. Nesciunt unde cupiditate distinctio vitae nihil.','soluta','Consequatur rerum saepe fugit praesentium assumenda. Eveniet totam quo dolorum est. Doloribus esse nemo id doloribus eos est molestiae.','Nigeria','Port Pamelaville','2630',13,'2002-09-02 13:04:24','1971-06-22 13:03:12'),(143,'Corporis officia voluptatem blanditiis esse culpa. Aut id veniam error perspiciatis. Rerum fugiat beatae voluptatibus atque reprehenderit tempora. Atque harum blanditiis aut aut qui.','non','Quia a corrupti facilis. Quae sed non corporis provident ut sit eius. Soluta dolorum aspernatur nihil alias. Sequi consectetur eum saepe qui repellat neque qui sapiente. Provident dolor voluptatem facilis fuga aspernatur.','Cote d\'Ivoire','Demetrisshire','4467',20,'1982-11-20 12:52:45','1997-03-10 08:36:07'),(144,'Sit architecto nobis est inventore officia. Consequatur aspernatur omnis et. Placeat sit ratione quibusdam consequuntur. Dicta tempora et incidunt sed eius delectus.','veritatis','Exercitationem aliquam facilis sit aut saepe velit nam. Velit accusantium ducimus voluptate sint et. Est quae illo velit magnam itaque officiis ipsa. Consectetur aliquam nesciunt nemo odit quae deserunt neque neque.','Iran','Enidton','4424',26,'2001-10-21 11:00:58','1980-01-14 02:27:04'),(145,'Maiores veritatis iure enim rerum possimus. Consectetur necessitatibus sed provident labore consequatur quo. Iure voluptatem sed tempora numquam sint repellendus maiores.','corporis','Voluptatem quia possimus facilis similique fugiat et cum. Eaque eos est expedita in perspiciatis exercitationem autem et. Dicta voluptas libero rerum voluptas. Beatae quo libero ut sed dolorem aut dolore.','Finland','Kerlukeview','4492',11,'2009-07-06 16:15:56','1973-07-15 17:56:41'),(146,'Similique dolorem tempore odit ad soluta accusantium in. Recusandae ipsa unde tempore blanditiis et repellat qui dolorum. Amet doloribus dolore est iure. Numquam qui porro atque.','ipsam','Qui maiores et dignissimos ipsum. Deserunt amet impedit quaerat reiciendis qui quae facilis temporibus. Vel quasi velit et accusamus quo.','Mongolia','South Vincent','2382',27,'1999-03-27 01:45:58','1996-10-12 18:37:41'),(147,'Aut omnis aut quisquam quod velit earum et. Qui corrupti doloremque blanditiis consequuntur. Quos voluptatem quaerat et qui est.','mollitia','Libero maxime odit optio placeat asperiores. Eum ut ea ab deserunt. Error aut in autem quaerat error occaecati nihil.','Afghanistan','Morissetteshire','2292',29,'1981-04-26 20:45:38','2011-05-23 06:36:21'),(148,'Molestiae maxime esse eum eos at rem. Voluptas explicabo optio et laboriosam minima aut. Aut vel atque hic voluptatibus reiciendis quam nihil.','dignissimos','Ex quia temporibus enim. Harum quia ut maiores accusantium. Praesentium et iure earum itaque. Ratione itaque illum debitis occaecati culpa quibusdam non. Et laudantium earum enim.','Kazakhstan','Arielleside','4985',13,'1989-06-25 11:35:08','1999-06-19 22:08:06'),(149,'Provident cumque ad expedita. Ipsa inventore delectus ut dignissimos. Est rerum sed possimus quam aspernatur cupiditate.','consectetur','Ab accusamus ut provident corrupti corrupti ut numquam. Perspiciatis odit qui rem est. Vero et voluptates nostrum numquam. Ea consequatur delectus fugiat voluptatem nulla sit.','Tajikistan','Tommouth','3522',26,'2020-12-29 21:39:28','1973-06-21 07:48:55'),(150,'Vel quod ut enim et exercitationem esse. Alias soluta velit ea rem iusto exercitationem id maxime.','beatae','Sint quaerat omnis temporibus fugit. Minus illum quam molestiae rerum quaerat pariatur. Quae animi est sed et omnis laborum debitis.','Faroe Islands','Barrowsport','1724',10,'1974-04-01 00:26:11','1973-06-09 13:15:05'),(151,'In voluptate voluptas enim qui et sit ea. Cum nihil quasi totam magni ea. Dolorum autem omnis voluptatum voluptas dolor aspernatur aut.','sit','Placeat a ducimus autem porro in. Quis aut ipsam nostrum autem et. Molestiae et pariatur ab et quia saepe. Quod velit exercitationem accusamus earum sed.','Liechtenstein','Douglasville','2783',2,'1982-05-03 17:23:48','1996-01-29 13:47:21'),(152,'Itaque occaecati consequatur et et. Est nobis libero alias dolor voluptas. Quas earum error quaerat voluptate non distinctio repellat odit.','aut','Deserunt aut cum nisi enim voluptatem tenetur ipsa. Veritatis repellendus ut reprehenderit a repellendus voluptatibus. Est dolores animi velit modi non.','Czech Republic','Lake Michaelhaven','1765',17,'1971-07-23 10:43:45','1988-07-08 08:07:47'),(153,'Veritatis sit quis alias. Iusto dolore quam et qui consequatur rem. Similique nesciunt temporibus et distinctio. Corporis aut corrupti doloribus consectetur.','dolorem','Explicabo aut eius veritatis enim fugit. Ut perferendis aut nam aut earum quisquam. Temporibus qui voluptatem rem tenetur id eligendi.','Gibraltar','North Vestaland','3534',21,'1996-05-10 01:06:33','1976-05-18 18:06:05'),(154,'Itaque sequi adipisci incidunt iusto nobis hic quia qui. Excepturi nihil perferendis in. Sed nam consequatur quos. Repellat doloribus facilis voluptas molestiae.','illum','Quia distinctio quidem minima nam. Cupiditate officiis qui beatae ea. Corrupti dolorem saepe autem esse fugiat molestiae. Accusantium sed aut dolorem dolorem odit. Ut suscipit qui qui.','Bolivia','Lake Louveniashire','2884',10,'2015-12-14 17:53:19','1978-07-29 09:12:41'),(155,'Est nam qui et ad commodi quia nisi. Veritatis in in dicta occaecati. Reprehenderit aut delectus aliquid ea animi delectus.','doloremque','Rerum et id sit repellat. Ipsa est nihil odit maiores laudantium fugiat.','France','South Bernita','1441',5,'1973-11-26 16:24:56','1980-05-29 16:58:32'),(156,'Modi sint perferendis commodi. Ipsam dolores omnis deserunt id voluptatem et saepe laboriosam. Nesciunt incidunt est eligendi.','nihil','Mollitia totam beatae et eligendi quo aliquid. Dolorum deleniti nemo laborum dolor qui. Deleniti provident est ut. Voluptas aut cumque quo.','Nicaragua','Elinoreburgh','1854',23,'1974-10-12 14:38:20','1977-09-24 07:17:24'),(157,'Neque rem aut alias laborum. Soluta perspiciatis eum minima neque impedit repellendus. Occaecati omnis tempora laborum rem. Asperiores asperiores laboriosam sit itaque et officia fugit.','sit','Assumenda fugit nobis nemo dicta aliquid quo. Quia magnam aut et laudantium sunt. Voluptatibus dolorem delectus rerum pariatur nobis. Qui rerum nostrum aut et nesciunt reiciendis ipsam.','Yemen','Port Noahshire','3675',18,'1992-10-13 18:42:03','1989-04-22 13:13:14'),(158,'Amet consequatur natus a saepe sint ex. Alias non maxime numquam sed. In distinctio tenetur error non exercitationem voluptatem.','iure','Qui voluptatum ut dolore sit veritatis. Magnam dolor sit earum error corporis. Aut voluptas qui at praesentium laboriosam.','Nicaragua','West Esta','2142',19,'2000-07-15 09:58:03','1974-11-06 00:06:58'),(159,'Pariatur facilis aut debitis illo ea ea. Deleniti voluptatem non eum quis. Fugit amet sint consequatur tempore.','fuga','Non ipsum quis eum ut. Reprehenderit ea quibusdam reprehenderit aperiam ipsam aspernatur eos. Aut repellendus asperiores accusamus similique veniam. Qui error vel quis provident cumque.','Mexico','Wiegandstad','3789',25,'1978-07-03 11:26:36','2014-03-17 18:26:02'),(160,'Eos sed optio hic quasi dolore est. Aliquam rerum incidunt quidem voluptatem officia voluptates. Nobis et quo nobis ut.','odit','Voluptatibus deleniti in illum harum sint voluptatibus. Maiores praesentium delectus et tempora velit molestias. Voluptatem vel impedit et suscipit qui laborum.','Eritrea','Bruenport','2285',22,'1997-12-31 20:13:53','1998-10-16 17:09:37'),(161,'Ut est minus aperiam quisquam esse atque. Occaecati quia beatae vel ut. Eum aspernatur delectus sunt.','quis','Est eligendi vero non. Consequatur autem iusto occaecati laudantium exercitationem officia. Et consequatur voluptatem perspiciatis voluptas vel. Accusamus dolores quia pariatur laborum ipsa minima. Ea modi ipsum sed rem dolor.','Morocco','VonRuedenland','1183',14,'2009-09-26 12:53:40','2007-03-09 17:44:07'),(162,'Ut labore sint dolore ut quo ducimus. Illo aliquid accusantium ut natus voluptatem ipsa ut. Molestias similique quo minus mollitia.','impedit','Nobis dolorum doloribus ea amet. Amet dolorum in molestiae necessitatibus aut excepturi. Dignissimos quas quia rerum.','Bahrain','Beattyville','2995',19,'1990-09-16 22:38:30','2009-05-15 13:59:06'),(163,'Iusto similique in numquam omnis ad necessitatibus. Est mollitia inventore pariatur voluptas doloribus hic. Ea rerum cupiditate id debitis eum neque. Consectetur autem hic doloremque.','dolor','Maiores ratione quo qui tempora nostrum minus eaque. Repudiandae soluta sit iusto sed corporis autem. Temporibus earum eveniet omnis earum atque totam architecto culpa.','Namibia','West Orionhaven','2919',1,'1975-01-22 07:57:12','1996-12-27 07:58:02'),(164,'Architecto laboriosam qui eveniet ea quos dolores. Autem dolores dolores ipsa voluptatem pariatur eos vel. Molestiae rerum distinctio facere. Voluptas in doloribus sequi omnis.','voluptatum','Omnis eos commodi illo excepturi ducimus earum. Quas aliquam error a et veniam quam beatae quae.','Cambodia','South Carletonborough','4201',26,'2007-11-01 00:44:19','1985-12-11 02:18:05'),(165,'Et magnam ut dicta et. Quod magni nemo doloribus alias. Et odio cumque deserunt voluptas sapiente maiores. Quo sed ea molestiae ducimus in.','voluptatem','Ipsum quaerat corporis ad quidem in in modi. Quis magni et quae facilis assumenda blanditiis laudantium. Et voluptatum dolor provident qui optio consequatur.','Cote d\'Ivoire','New Dellaside','1884',3,'2019-05-20 18:40:53','1974-04-17 10:14:01'),(166,'Ut similique qui aut deleniti dicta rerum et. Blanditiis vel ipsa voluptas repellat. Ullam commodi voluptatem qui et. A quia impedit aut rerum.','quis','Sit voluptas dolorem suscipit aut non. Quidem quam rerum repellat ut exercitationem exercitationem quo rerum. Mollitia facere repellat vero veniam officia. Esse aut tempora cum quos enim assumenda. Dolor et assumenda sed voluptas et voluptatum eaque.','Liberia','New Demario','2676',21,'1977-02-07 05:55:25','1977-11-26 00:38:10'),(167,'Omnis et enim rerum nulla fugit. Quo quisquam repellat consequuntur et quisquam. Omnis eos dolorem alias aliquid eligendi ullam. Eius dicta architecto sit eligendi eos quia aut voluptates.','sunt','Natus doloribus sed odio dolorem suscipit. In nostrum error enim perspiciatis dolorum qui. Consequatur error rem non dicta pariatur voluptas.','Switzerland','South Westley','2986',8,'2009-12-03 19:08:27','2006-03-23 19:29:05'),(168,'Ea magni debitis cum commodi sed doloribus. Voluptatem animi libero doloremque consequuntur. Dolores ad porro tempora animi omnis sit.','et','Quis voluptatum et distinctio nostrum quidem. Soluta dolorum quia veniam quam. Voluptatem placeat qui suscipit possimus omnis. Occaecati asperiores sunt ut dolores suscipit vel voluptatum atque. Quod debitis totam earum occaecati sapiente velit voluptatem.','Belgium','Rosenbaumstad','4177',11,'2020-09-16 20:09:00','2019-10-01 12:35:31'),(169,'Molestiae et deserunt saepe tenetur accusantium. Ut nihil voluptatibus ipsum. Ut fugiat sequi optio dolorem. Quo accusantium aut amet sed dolore esse.','excepturi','Est at eius ea quo enim rerum sit aliquam. Aut tempore eos delectus sunt nemo accusamus quidem modi. Harum ratione quas magni.','Niue','West Rashadfort','4893',24,'2003-01-11 13:15:35','1978-11-06 15:31:14'),(170,'Tempore aut quo et voluptates molestiae. Veritatis non et eius deserunt. Officia assumenda amet est beatae.','quia','Non rerum unde dignissimos voluptates. Quos cupiditate consectetur libero ipsa sit laudantium. Dolore aut tempore et nisi quasi impedit eligendi. Nihil magni minus expedita.','South Georgia and the South Sandwich Islands','Marksberg','4588',30,'2020-11-02 19:51:56','1996-04-26 07:21:36'),(171,'Placeat sed illum suscipit exercitationem. Non quasi in in cumque. Molestiae eaque laudantium in. Ut eos sunt molestiae eos amet ad magnam. Qui voluptates quibusdam sed quo.','sit','Pariatur voluptatibus porro accusamus est iusto neque consequatur. Atque porro deleniti quasi adipisci incidunt est. Placeat sint similique doloribus. Reprehenderit magnam consequatur ratione quasi.','Vanuatu','West Birdie','1579',3,'1996-04-28 21:31:44','1980-02-08 20:31:41'),(172,'Minus quidem dolorum quod exercitationem dolores tempora quis. Libero consequatur reiciendis enim totam suscipit beatae. Necessitatibus dolores ut non.','fuga','Aspernatur molestias saepe assumenda ratione inventore officiis. Aliquam odit tenetur nihil laboriosam quis sapiente. Sit ab rerum sunt impedit occaecati sit.','Pakistan','West Jeanneborough','3201',28,'2015-12-18 10:15:31','1996-03-26 09:05:24'),(173,'Deserunt natus magnam rerum aut omnis. Similique excepturi enim qui minima et velit. Est totam et sapiente laudantium iste et. Architecto hic voluptas molestias autem atque molestiae.','quod','Voluptate et nemo dicta facere. Optio asperiores cupiditate ullam qui eius aliquam quibusdam pariatur.','Sierra Leone','Lake Emiliano','4163',20,'1998-09-20 02:03:44','1980-10-14 18:08:41'),(174,'Vel asperiores et non. Ut corporis officia illum nihil. Vero occaecati officia omnis et.','aliquam','Modi velit dignissimos maiores beatae voluptatem earum. Tempore est suscipit doloribus quia commodi voluptas ut ut. Id molestiae fugit sunt possimus doloremque nobis qui et. Et voluptates fugiat quibusdam porro est. Officia qui possimus quia consequatur.','South Africa','Millershire','3800',20,'2000-11-11 05:54:09','2013-06-12 18:54:42'),(175,'Laborum minus maxime omnis voluptate quo eveniet. Dicta aut impedit magni ut. Et et nihil modi et. Accusamus illo rerum ad corrupti commodi nulla itaque.','quo','Fugit ad minus quaerat architecto ratione eaque nihil. Quidem assumenda perferendis pariatur sed aut. Sit eos dicta delectus velit sed deleniti. Fugit aut recusandae sed reprehenderit non.','Spain','Hickleton','1241',22,'1997-11-12 15:49:45','2019-06-29 11:47:31'),(176,'Quae unde quisquam eum ad nobis. Ut qui et sint sed saepe nobis quisquam. Quia id labore ex maxime a possimus. Molestiae sed omnis magni rem dolor.','est','Debitis similique voluptatem soluta. Velit aut nobis voluptas ratione inventore delectus. Sunt doloremque minima deserunt enim optio. Rerum enim veritatis possimus odio.','Trinidad and Tobago','Port Asha','1363',23,'1978-05-22 10:00:52','2012-02-06 02:56:41'),(177,'Molestias excepturi cum fugit necessitatibus reprehenderit repellat sed. Dicta in optio rerum itaque officia molestias. Ducimus qui at harum et ipsum ullam neque pariatur.','veritatis','Consequuntur sit repudiandae cum distinctio tempore praesentium quo nisi. Voluptas ipsum aut laboriosam dolores et nostrum quia. Qui doloribus in qui ea aut perspiciatis.','Sweden','South Dorrisshire','1035',8,'1994-01-24 21:56:58','1989-03-05 16:11:25'),(178,'Qui voluptatem voluptatem unde excepturi delectus numquam aut. Et necessitatibus optio amet dolorum placeat et cumque. Sint labore quia aliquam officiis qui sit quia nam.','expedita','Qui totam et nostrum consequatur. Ut officiis maiores veritatis maxime. Ex dolorum voluptatem sit reprehenderit nam numquam accusamus. Optio aut debitis sed facilis sint.','Romania','Lilytown','3292',19,'1970-07-23 04:16:33','1986-03-31 13:27:35'),(179,'Iure repellat quidem facilis eum rerum enim. Impedit dignissimos enim fugiat aut odio excepturi. Nesciunt est saepe ut occaecati.','cum','Rem voluptatem maiores laboriosam aliquid. Nostrum vel sint iure officia hic asperiores quidem. Autem nihil illum qui error corrupti sapiente. Omnis veniam ullam nostrum assumenda cumque ad.','Japan','Shainaville','3865',5,'1992-05-21 05:31:42','2006-07-24 03:07:39'),(180,'Consequatur sequi exercitationem similique quod qui. Aut non alias quas. Ea molestiae incidunt laborum iste. Asperiores ducimus dolore et. Aut eum sed velit optio. Omnis occaecati quos quibusdam.','vel','Fuga quibusdam veniam voluptatum illo omnis quo. Harum suscipit suscipit ducimus et perferendis quas nemo. Debitis et et sed delectus. Soluta enim quos occaecati et nemo.','Guam','Elianeside','2614',17,'1997-01-21 23:48:23','2010-02-04 05:40:41'),(181,'Nihil officia culpa enim qui modi. Quod ex qui necessitatibus. Doloremque rem recusandae consequatur eum. Voluptas dolores ad velit possimus esse vel ut.','voluptatum','Consequatur excepturi ab fugit sunt. Voluptatum omnis voluptas aut animi. Rem nisi a voluptate ad suscipit qui ipsum.','Iraq','West Oda','4300',22,'1991-10-26 21:43:58','2003-09-30 01:02:22'),(182,'Hic voluptas enim accusantium omnis facilis maiores. Necessitatibus voluptatem odit ad. Sit quod ut facilis. Autem rerum saepe quisquam ipsam.','aperiam','Eaque est explicabo id aut omnis cupiditate. Temporibus voluptatibus et nam. Animi et fugit voluptates exercitationem consectetur qui necessitatibus. Minima dolor in enim enim.','Saint Martin','Lake Billie','2311',28,'1977-11-08 12:49:42','2021-06-06 10:58:26'),(183,'Tempora perspiciatis fuga quod ipsum et fugit. Quam nesciunt inventore est odio. Officiis perferendis aut tempora dolores quod. Aspernatur ut nulla dolorem in.','eos','Sed ea provident inventore beatae a ab neque. Ex dolores voluptatem odio qui cupiditate mollitia. Hic architecto ut aut in provident minima suscipit facilis.','Taiwan','Hesselside','2722',4,'1978-09-21 06:04:41','1975-05-08 11:37:16'),(184,'Dolores ut nisi qui excepturi omnis iste reiciendis et. Laudantium praesentium quia quae laboriosam est rerum. Assumenda id rerum non optio. Autem ut blanditiis provident.','hic','Ut doloribus quod veritatis mollitia et et. Enim voluptatem eligendi similique architecto nihil. Praesentium non temporibus laboriosam quaerat aut illum. Error eum itaque amet qui.','Ukraine','West Pedroberg','4364',7,'2008-09-15 04:44:23','1986-01-28 22:27:34'),(185,'Sint asperiores vitae mollitia vero. Sunt reprehenderit libero dolor et. Nisi quis soluta eaque eum vitae possimus sunt. Eos delectus in maiores aut voluptatem quo quia.','reiciendis','In quia excepturi impedit illum et quis aspernatur. Porro placeat dolores sit quia doloribus vel placeat. Voluptatum tempora exercitationem consectetur dolorum aut ullam vel.','Slovakia (Slovak Republic)','Joanaburgh','4351',6,'2018-03-03 01:47:14','2013-03-27 23:30:54'),(186,'Aspernatur aut quas ex non dolores. Officiis dolorum et et consequatur. Facere distinctio animi id ut ducimus sit.','voluptatem','Dolor delectus veniam harum. Eius sed quis soluta ut cumque. Et minus consequatur dolores eum enim sit. Labore rerum rem necessitatibus qui quidem.','Wallis and Futuna','New Kris','2381',29,'1972-11-20 03:03:50','1979-12-26 22:51:40'),(187,'Optio doloremque dolorem voluptas est. Fugiat perspiciatis nihil pariatur odio assumenda perspiciatis. Maxime reiciendis ducimus quibusdam delectus debitis illum molestiae nihil.','dolorum','Nihil dolorum voluptas repudiandae. Sint est repellat velit. Consequuntur quae nisi quibusdam ipsum nemo in. Quisquam dolor quo et exercitationem odio eligendi voluptatem.','Saint Martin','Kuhicfort','2251',21,'1987-11-27 13:16:52','1996-07-14 00:26:22'),(188,'Veniam et ut dolores nihil consequatur. Nobis id et sed sit reprehenderit sed rerum consectetur. Consequatur quaerat quia officiis laudantium qui expedita et.','sed','Neque quis sint nesciunt consequatur sed. Error earum ullam quia. Quidem culpa tempore itaque autem.','Peru','Pierceburgh','1228',9,'1985-12-17 13:31:46','1997-05-13 01:56:20'),(189,'Nam quod consectetur quaerat vel omnis. Velit itaque quia ab quasi odio error eveniet. Fuga laborum voluptatem voluptatum autem possimus.','earum','Magnam occaecati eos corporis maxime exercitationem. Nisi fuga alias soluta voluptatum officiis.','South Georgia and the South Sandwich Islands','Magdalenburgh','2806',1,'1991-01-17 02:51:30','1999-11-17 06:17:44'),(190,'Ut quia tempora ea fuga. Aut nobis voluptatum non. Quas recusandae molestiae nostrum earum aspernatur voluptatem. Doloremque vel in optio repellendus ab laudantium iste minus.','ipsa','Neque libero quod voluptas omnis. Corporis non ut ut repudiandae reprehenderit officiis. Eum ipsam et mollitia qui aliquam. Totam voluptatem ad et veniam cumque necessitatibus.','Poland','Altenwerthport','1824',6,'1980-06-19 14:01:07','1997-04-15 10:48:01'),(191,'Rem sint libero praesentium aliquid voluptate tenetur. Maiores quia aut rerum perferendis. Quo quis qui doloremque ut.','accusantium','Molestiae hic dolores est ut qui dolorum. Velit et voluptates molestias id vitae. Neque vel voluptatum rerum iste quod maxime. Ratione necessitatibus aut expedita accusamus temporibus.','Japan','North Bernhard','3037',23,'1982-04-12 05:56:50','1981-10-12 22:06:23'),(192,'Quia ipsum magnam laudantium totam rerum. Doloremque esse necessitatibus ut ut. Fugiat esse quam ut facere et suscipit non.','suscipit','Reprehenderit magnam nihil totam eos eos earum nesciunt. Rerum ex debitis veniam.','Austria','Hartmannmouth','4501',10,'2004-01-07 22:35:22','1975-03-31 06:20:38'),(193,'Explicabo ex ipsa architecto quam. Sit corporis iste id repellendus fugit. Et excepturi quae consectetur. Et laborum et perferendis repudiandae vitae sint itaque.','ut','Animi est vitae ea temporibus culpa temporibus ea consectetur. Quia quod eum culpa non nisi deleniti fugiat non.','Belgium','West Ena','4325',26,'1990-06-26 11:00:04','1982-02-05 09:18:10'),(194,'Ea quia nulla repudiandae animi non fugit. Iste dicta vel eum delectus temporibus illum. Blanditiis ut veniam et aut voluptas cumque iste. Vel omnis aut porro animi quia quasi.','culpa','Quisquam maxime aut a ut. Et alias quos consequatur optio adipisci nemo. Quaerat accusamus ab magni aut ipsum tempora vero. Voluptatem vel velit quia non dicta.','Sudan','Lake Hector','4254',15,'2019-09-29 01:15:29','2010-10-02 17:45:35'),(195,'Vel fugiat nesciunt dolor eum autem dignissimos quo. Neque id praesentium expedita eum vero. Qui accusamus molestiae perspiciatis qui quisquam officiis corporis. Quibusdam et in tempora libero ipsam.','rem','Et voluptatem earum est dolorum. Nihil reiciendis inventore nisi reprehenderit iste sed. Repudiandae numquam dolor saepe non.','Liberia','O\'Connershire','2347',4,'1975-05-21 05:30:46','2017-11-05 01:17:53'),(196,'Porro magnam illo blanditiis quas a aut officiis. Facilis est odio dolorem mollitia velit omnis. Temporibus vero incidunt qui aut molestiae sapiente. Laboriosam nihil consequatur velit nihil.','odit','Eum rerum iure occaecati voluptate. Perspiciatis et voluptas iure velit aut ea incidunt voluptatem. Molestias nostrum labore ad aut et dignissimos asperiores.','Costa Rica','Danialport','4380',23,'2003-11-07 14:45:15','2011-09-12 08:17:06'),(197,'Non mollitia nam corporis natus culpa fugiat deserunt. Inventore alias omnis dolore veritatis omnis animi illum consequatur. Ad necessitatibus non corrupti deserunt quibusdam minima.','at','Ipsam ea sed omnis est consequatur soluta nam. Eligendi et ipsam iure omnis. Eius architecto officia molestias culpa nesciunt. Et atque qui eos architecto.','Comoros','Wymanburgh','2123',9,'1983-05-11 10:26:20','1993-08-31 20:52:52'),(198,'Perferendis dolor rerum necessitatibus quaerat consequatur eveniet nulla iusto. Dolorum ab vel soluta laudantium rerum commodi veniam ipsum. Est est ducimus quis et dolor adipisci sint.','ut','Tenetur dolor illo assumenda blanditiis ut aperiam culpa. Voluptatibus asperiores sit illum non ipsa vero a enim. Aliquam modi est occaecati autem enim maxime aut. Minima ea quo iusto rerum dolores facere.','Guatemala','Sedrickville','1773',26,'1998-07-14 09:25:12','1971-09-30 06:48:42'),(199,'Iusto quis nesciunt reiciendis et qui. Sed ducimus impedit qui doloribus sed ab veritatis. Unde suscipit optio dolor rerum quia officia dignissimos.','minus','Dolor mollitia quaerat repudiandae itaque ipsa aut aut. Nihil quisquam id nulla incidunt dicta consequatur quasi. Nihil consequatur eos quae neque. Non veritatis nam temporibus ea iure.','Martinique','Rosalynport','1216',16,'1974-11-15 20:45:26','1988-06-08 18:46:36'),(200,'Et fugit sit similique odio error eaque. Ipsa et necessitatibus voluptate qui. Repellat dolorem assumenda perferendis incidunt.','et','Voluptas aliquid beatae dolorem repudiandae debitis nostrum. Perspiciatis blanditiis porro accusantium non et eos. Illo iste porro facilis quia et.','Cook Islands','Earlborough','2758',18,'1985-11-15 15:21:25','1976-05-12 12:37:15');
/*!40000 ALTER TABLE `jobs` ENABLE KEYS */;
UNLOCK TABLES;

--
-- Table structure for table `migrations`
--

DROP TABLE IF EXISTS `migrations`;
/*!40101 SET @saved_cs_client     = @@character_set_client */;
/*!50503 SET character_set_client = utf8mb4 */;
CREATE TABLE `migrations` (
  `id` int unsigned NOT NULL AUTO_INCREMENT,
  `migration` varchar(255) COLLATE utf8mb4_unicode_ci NOT NULL,
  `batch` int NOT NULL,
  PRIMARY KEY (`id`)
) ENGINE=InnoDB AUTO_INCREMENT=10 DEFAULT CHARSET=utf8mb4 COLLATE=utf8mb4_unicode_ci;
/*!40101 SET character_set_client = @saved_cs_client */;

--
-- Dumping data for table `migrations`
--

LOCK TABLES `migrations` WRITE;
/*!40000 ALTER TABLE `migrations` DISABLE KEYS */;
INSERT INTO `migrations` VALUES (1,'2014_10_12_000000_create_users_table',1),(2,'2014_10_12_100000_create_password_resets_table',1),(3,'2019_08_19_000000_create_failed_jobs_table',1),(4,'2019_12_14_000001_create_personal_access_tokens_table',1),(5,'2023_04_13_104605_create_jobs_table',1),(6,'2023_04_13_104712_create_jobrecommendations_table',1),(7,'2023_04_13_120312_create_field_categories_table',1),(8,'2023_04_13_120356_create_fields_table',1),(9,'2023_04_13_121042_create_field_user_table',1);
/*!40000 ALTER TABLE `migrations` ENABLE KEYS */;
UNLOCK TABLES;

--
-- Table structure for table `password_resets`
--

DROP TABLE IF EXISTS `password_resets`;
/*!40101 SET @saved_cs_client     = @@character_set_client */;
/*!50503 SET character_set_client = utf8mb4 */;
CREATE TABLE `password_resets` (
  `email` varchar(255) COLLATE utf8mb4_unicode_ci NOT NULL,
  `token` varchar(255) COLLATE utf8mb4_unicode_ci NOT NULL,
  `created_at` timestamp NULL DEFAULT NULL,
  KEY `password_resets_email_index` (`email`)
) ENGINE=InnoDB DEFAULT CHARSET=utf8mb4 COLLATE=utf8mb4_unicode_ci;
/*!40101 SET character_set_client = @saved_cs_client */;

--
-- Dumping data for table `password_resets`
--

LOCK TABLES `password_resets` WRITE;
/*!40000 ALTER TABLE `password_resets` DISABLE KEYS */;
/*!40000 ALTER TABLE `password_resets` ENABLE KEYS */;
UNLOCK TABLES;

--
-- Table structure for table `personal_access_tokens`
--

DROP TABLE IF EXISTS `personal_access_tokens`;
/*!40101 SET @saved_cs_client     = @@character_set_client */;
/*!50503 SET character_set_client = utf8mb4 */;
CREATE TABLE `personal_access_tokens` (
  `id` bigint unsigned NOT NULL AUTO_INCREMENT,
  `tokenable_type` varchar(255) COLLATE utf8mb4_unicode_ci NOT NULL,
  `tokenable_id` bigint unsigned NOT NULL,
  `name` varchar(255) COLLATE utf8mb4_unicode_ci NOT NULL,
  `token` varchar(64) COLLATE utf8mb4_unicode_ci NOT NULL,
  `abilities` text COLLATE utf8mb4_unicode_ci,
  `last_used_at` timestamp NULL DEFAULT NULL,
  `created_at` timestamp NULL DEFAULT NULL,
  `updated_at` timestamp NULL DEFAULT NULL,
  PRIMARY KEY (`id`),
  UNIQUE KEY `personal_access_tokens_token_unique` (`token`),
  KEY `personal_access_tokens_tokenable_type_tokenable_id_index` (`tokenable_type`,`tokenable_id`)
) ENGINE=InnoDB DEFAULT CHARSET=utf8mb4 COLLATE=utf8mb4_unicode_ci;
/*!40101 SET character_set_client = @saved_cs_client */;

--
-- Dumping data for table `personal_access_tokens`
--

LOCK TABLES `personal_access_tokens` WRITE;
/*!40000 ALTER TABLE `personal_access_tokens` DISABLE KEYS */;
/*!40000 ALTER TABLE `personal_access_tokens` ENABLE KEYS */;
UNLOCK TABLES;

--
-- Table structure for table `users`
--

DROP TABLE IF EXISTS `users`;
/*!40101 SET @saved_cs_client     = @@character_set_client */;
/*!50503 SET character_set_client = utf8mb4 */;
CREATE TABLE `users` (
  `id` bigint unsigned NOT NULL AUTO_INCREMENT,
  `name` varchar(255) COLLATE utf8mb4_unicode_ci NOT NULL,
  `email` varchar(255) COLLATE utf8mb4_unicode_ci NOT NULL,
  `email_verified_at` timestamp NULL DEFAULT NULL,
  `country` varchar(255) COLLATE utf8mb4_unicode_ci DEFAULT NULL,
  `city` varchar(255) COLLATE utf8mb4_unicode_ci DEFAULT NULL,
  `password` varchar(255) COLLATE utf8mb4_unicode_ci NOT NULL,
  `remember_token` varchar(100) COLLATE utf8mb4_unicode_ci DEFAULT NULL,
  `created_at` timestamp NULL DEFAULT NULL,
  `updated_at` timestamp NULL DEFAULT NULL,
  PRIMARY KEY (`id`),
  UNIQUE KEY `users_email_unique` (`email`)
) ENGINE=InnoDB AUTO_INCREMENT=64 DEFAULT CHARSET=utf8mb4 COLLATE=utf8mb4_unicode_ci;
/*!40101 SET character_set_client = @saved_cs_client */;

--
-- Dumping data for table `users`
--

LOCK TABLES `users` WRITE;
/*!40000 ALTER TABLE `users` DISABLE KEYS */;
INSERT INTO `users` VALUES (1,'Mrs. Judy Stracke','ola73@example.com','2016-10-25 03:34:08','Bangladesh','South Elnora','eligendi','quia','1987-12-05 03:36:32','1995-08-04 22:22:45'),(2,'Erin Eichmann','edison.purdy@example.org','1973-11-06 03:22:07','Saint Martin','Eliasfort','vero','rerum','1994-10-31 15:48:18','1992-12-05 11:11:45'),(3,'Mr. Clifton Halvorson','dulce97@example.net','1971-08-25 09:13:23','Swaziland','New Alexa','fugiat','suscipit','1987-09-09 01:49:31','1991-12-16 03:39:21'),(4,'Norberto Kutch DDS','yasmeen14@example.com','1974-08-26 01:48:19','Gabon','Dorisfort','et','quod','2018-04-25 20:21:14','2017-02-27 09:03:52'),(5,'Luther Mohr','skuvalis@example.com','2020-07-06 16:59:04','Norway','Shaunmouth','amet','hic','1977-05-28 01:58:25','1998-06-02 22:34:55'),(6,'Dereck Donnelly','verla19@example.net','1984-10-18 04:15:12','South Georgia and the South Sandwich Islands','East Jimmytown','qui','hic','1975-12-23 08:27:18','1985-04-28 16:34:34'),(7,'Ms. Savannah Muller','sferry@example.net','1970-08-23 08:27:33','Turkey','Lake Beaushire','quia','laboriosam','1980-09-25 19:03:21','1970-07-01 00:56:46'),(8,'Mr. Cruz Glover','birdie45@example.org','2012-07-17 12:22:02','Tunisia','New Mercedesmouth','quod','ratione','2014-08-30 03:21:40','2003-12-28 11:06:09'),(9,'Jaren Orn','keeling.jadyn@example.org','1994-01-09 02:32:55','Saudi Arabia','Twilamouth','vel','dolorum','2022-04-08 20:35:15','2021-07-31 02:08:01'),(10,'Dr. Chanel Mayert DVM','schumm.roscoe@example.com','1999-04-28 14:58:56','Belarus','Helgaburgh','consectetur','consequatur','1998-10-04 09:30:16','1978-03-07 13:23:22'),(11,'Lionel Rosenbaum','carmela.wilkinson@example.net','1993-09-24 22:29:11','Libyan Arab Jamahiriya','South Hermina','tempora','voluptas','2015-09-13 19:36:26','2001-02-19 03:19:01'),(12,'Gwen Schuppe','fisher.amber@example.org','2021-08-16 23:15:32','Ghana','Port Heath','eos','aut','2008-11-21 21:05:08','1995-08-09 21:53:21'),(13,'Gerhard Crooks','uschuppe@example.net','2016-05-31 15:34:04','Russian Federation','Celestineville','ea','at','2004-04-30 01:02:40','1999-05-02 23:40:19'),(14,'Remington Johnson','gmayert@example.org','2021-01-27 04:34:06','Iceland','Gleasonchester','illo','eaque','1971-02-26 06:24:33','1999-12-30 17:45:28'),(15,'Carlos Mayert','cleveland51@example.com','2021-01-17 23:13:24','Puerto Rico','Lake Einar','sequi','ipsum','2021-05-24 19:59:23','2021-11-19 23:37:24'),(16,'Effie Luettgen','aaron.lubowitz@example.net','1995-03-10 20:51:31','Suriname','South Georgianaview','sed','perspiciatis','1995-11-25 18:47:13','1980-02-10 05:35:49'),(17,'Verdie Emmerich','crooks.miller@example.org','1998-11-10 18:16:07','Nicaragua','Brakusfurt','eligendi','deserunt','2012-06-08 15:08:09','1983-12-25 15:42:10'),(18,'Fleta Huel','jkuhlman@example.net','1999-08-27 09:03:16','Mozambique','Mosciskistad','odit','ipsa','2014-11-20 14:30:47','1991-02-01 16:31:27'),(19,'Miss Lavina Kuhn DDS','zboyle@example.com','1975-01-23 05:22:23','Afghanistan','New Lydialand','mollitia','voluptate','1989-03-08 06:10:14','1982-09-06 07:22:36'),(20,'Norbert Paucek','ktorp@example.com','1972-04-03 17:18:20','Sri Lanka','Gradymouth','doloremque','quia','2018-03-24 11:48:20','1994-12-07 23:16:42'),(21,'Dr. Axel Zboncak','mayer.terrell@example.com','1981-07-15 23:39:42','Serbia','Kuhicborough','fugit','quasi','1981-12-13 15:35:17','2010-09-11 14:03:20'),(22,'Wilburn Mosciski','knader@example.com','1971-05-29 17:23:32','Libyan Arab Jamahiriya','Lake Ceasarview','numquam','excepturi','2015-10-04 07:33:37','1970-01-09 20:24:17'),(23,'Miss Karli Veum','dstroman@example.com','1984-08-28 09:43:09','Tajikistan','Hansenhaven','harum','quae','2000-06-20 18:27:44','2015-03-06 08:07:53'),(24,'Brendon Braun','luna70@example.net','1978-02-02 08:52:23','Cocos (Keeling) Islands','South Antwonland','asperiores','commodi','1995-06-14 14:37:02','2018-03-11 10:15:36'),(25,'Zoe Collins','aileen.langosh@example.net','1974-12-24 00:45:55','Macao','Kaylahport','qui','nam','1987-05-22 09:05:34','1984-03-04 05:14:56'),(26,'Prof. Lyda Hilpert','julianne.davis@example.com','1980-11-14 08:35:54','South Georgia and the South Sandwich Islands','West Genesisburgh','vitae','quo','2020-09-02 11:02:10','2017-07-02 14:45:52'),(27,'Ewald Wisoky','osinski.asa@example.net','1978-09-23 11:41:15','Kiribati','Bayerhaven','in','eos','2008-08-04 23:03:31','1990-01-14 15:57:05'),(28,'Mr. Hipolito Gaylord','susan.grimes@example.org','2003-11-11 18:13:13','Cyprus','Port Emery','voluptate','eligendi','1988-01-04 12:48:04','2017-01-28 02:35:36'),(29,'Alexis Trantow','breanna05@example.net','1992-11-12 02:38:29','French Guiana','West Lillychester','nihil','aperiam','1972-10-25 12:01:28','2001-03-08 13:58:49'),(30,'Miss Tomasa McLaughlin Sr.','everardo36@example.com','2012-10-17 19:01:50','Holy See (Vatican City State)','Goyettemouth','aut','voluptatum','1990-04-13 23:31:22','2008-02-07 03:08:36'),(31,'Carter Orn','mhoppe@example.com','2013-03-21 18:01:23','Saint Martin','Schadenshire','sequi','ut','1976-12-12 14:04:07','1984-02-03 02:07:52'),(32,'Mariano Kemmer','sadie.schulist@example.org','1986-08-27 16:16:50','Estonia','New Axel','et','optio','2005-03-13 20:53:02','2005-09-08 00:41:25'),(33,'Mya Russel','joana66@example.com','1981-04-01 23:30:53','Togo','Kesslerburgh','neque','voluptates','1990-12-10 00:39:52','2014-04-21 06:29:35'),(34,'Ms. Constance Reichel','crolfson@example.org','1991-06-21 16:08:11','Namibia','Krystalmouth','ut','veniam','1974-08-11 06:55:45','1989-06-21 16:41:25'),(35,'Sienna Kuhic','kreiger.charlotte@example.net','2017-09-02 11:08:29','Netherlands Antilles','Ebbaburgh','cumque','atque','2017-09-09 02:49:59','1991-05-06 20:28:30'),(36,'Dr. Russ Heaney MD','ella06@example.org','2006-07-03 15:09:51','Morocco','Kleintown','repellendus','rerum','2013-02-16 16:49:35','2013-05-08 00:15:12'),(37,'Lura Roob','hoeger.creola@example.com','2017-03-01 00:28:13','United Kingdom','Gabeport','nam','omnis','2003-09-05 22:34:14','2019-08-27 06:21:53'),(38,'Prof. Marcos Collins Sr.','moises44@example.com','1997-05-18 16:58:03','Slovenia','Gaylordmouth','dolorem','animi','1996-01-07 06:38:16','1990-05-09 02:34:51'),(39,'Claire Stokes','schneider.esmeralda@example.com','2008-02-23 11:11:26','Eritrea','West Lucianoville','nulla','ducimus','1992-09-06 01:39:00','1982-07-21 01:56:53'),(40,'Mr. Jordon Cruickshank','ramon.larkin@example.com','2022-05-15 19:52:00','Swaziland','Wyattburgh','sed','ut','2006-01-16 21:58:10','1989-03-19 02:30:38'),(41,'Prof. Theresa Hintz V','velda.moore@example.com','2003-07-26 02:05:47','Saint Vincent and the Grenadines','Camilafort','quia','sit','1992-02-13 13:18:10','2016-12-08 20:08:01'),(42,'Evert Stracke','phoebe.harvey@example.net','1990-03-23 00:38:49','Samoa','Gunnarmouth','voluptas','porro','2016-05-16 07:19:29','2018-02-03 07:49:21'),(43,'Mrs. Kiera Goodwin IV','bartoletti.rico@example.com','1996-12-16 15:45:27','Saint Pierre and Miquelon','West Ramiro','quasi','cumque','1989-01-26 20:57:00','1980-07-29 14:20:36'),(44,'Astrid Mitchell','eveum@example.org','1985-11-01 00:26:08','Togo','East Bernardoton','aut','magnam','1972-08-09 14:48:56','1980-11-13 22:15:02'),(45,'Dr. Jarret Koelpin III','hschamberger@example.com','1997-05-10 07:52:53','Swaziland','Brakusmouth','numquam','aut','1986-05-02 14:22:08','1971-04-01 04:18:30'),(46,'Darlene Kovacek','thiel.justina@example.net','1998-03-13 15:19:20','New Caledonia','Tressiehaven','laborum','itaque','1977-07-20 22:13:06','2007-09-07 20:31:35'),(47,'Ewald Toy','nicola.corwin@example.net','2011-10-12 23:14:03','Belarus','Bauchton','officiis','eos','1975-01-30 06:54:59','1978-07-13 15:19:32'),(48,'Abdullah Pagac','kunde.johnathon@example.org','1994-03-08 03:09:10','United States of America','North Romaine','voluptatem','officia','2006-04-23 18:45:54','2015-07-04 22:58:24'),(49,'Dr. Neal Shields III','mireya.upton@example.org','2022-03-19 19:27:12','Jamaica','Brianastad','odit','rerum','1988-06-12 16:07:42','2006-11-12 17:35:02'),(50,'Mr. Kay Glover','micheal57@example.com','1995-08-11 17:08:20','Armenia','Krisland','maxime','quis','2016-03-26 12:07:53','1975-07-20 16:42:31'),(51,'Rodolfo Johnson','jensen19@example.org','1992-10-01 12:29:45','Tuvalu','Felixborough','omnis','quis','1994-07-01 02:56:14','1983-12-11 04:13:11'),(52,'Mack Gorczany','dameon30@example.com','1975-05-29 01:59:20','Dominica','Port Wilfred','voluptatem','quae','1971-11-05 10:19:20','2005-02-22 11:46:41'),(53,'Mr. Jefferey Muller','runolfsson.bert@example.org','1979-06-25 02:58:34','Cape Verde','Lake Bruce','quibusdam','ipsum','1972-10-30 08:37:41','2001-05-02 03:50:46'),(54,'Victoria Yundt','sigrid.jacobson@example.org','2007-10-15 08:24:50','Philippines','Elisaville','illum','et','1977-12-11 14:06:05','1974-03-22 22:03:17'),(55,'Magali Langworth','elvis68@example.net','2008-06-14 14:20:03','Cape Verde','West Maryam','dicta','inventore','2017-12-28 21:49:18','1999-08-12 00:40:48'),(56,'Myrl Toy I','wiley69@example.org','1984-04-29 11:19:00','Mauritania','Kuphaltown','fugit','quos','2019-04-24 11:33:49','1983-05-13 02:37:51'),(57,'Rylee Wilkinson','brian.kuhlman@example.net','1971-05-08 08:03:27','Zambia','New Eduardo','magnam','ut','1988-01-02 09:55:00','2010-10-04 14:00:46'),(58,'Keenan Ortiz','emelia.armstrong@example.com','1978-01-19 05:32:04','Macao','Lowefort','ipsum','enim','1985-03-17 09:49:52','2020-11-08 01:46:04'),(59,'Eleanore Gleason','wisozk.ervin@example.com','2006-02-17 08:12:06','Palestinian Territories','Tyraland','voluptatem','ipsam','2005-05-16 07:48:51','2001-02-04 10:40:10'),(60,'Prof. Derrick O\'Connell','marcellus06@example.org','1998-11-26 12:45:24','Reunion','South Winstonmouth','recusandae','praesentium','1986-03-29 04:42:24','2019-11-03 10:50:26'),(61,'NARO GROUND NUT','sitowe@mailinator.com',NULL,NULL,NULL,'$2y$10$EOQiLO.8pNwdch9TByyL8uYt28jP5nuGw9RkZk44XoHVa1A14r1ou',NULL,'2023-04-28 09:23:54','2023-04-28 09:23:54'),(62,'SAUDGSDIDF','dalirichardh@gmail.com',NULL,NULL,NULL,'$2y$10$BrQdWQWqSzeWOQZSyU5rs.a6Ozx4VW2nPSx.CVDjb974bY0oy5sWu',NULL,'2023-04-29 09:16:10','2023-04-29 09:16:10'),(63,'Thomas Horton','test@gmail.com',NULL,NULL,NULL,'$2y$10$PBLj8F8z3MhZf0c9MZLwkurqI1chJYqVdbX.6bxbR/9BfVWVuXHpm',NULL,'2023-05-11 05:25:40','2023-05-11 05:25:40');
/*!40000 ALTER TABLE `users` ENABLE KEYS */;
UNLOCK TABLES;
/*!40103 SET TIME_ZONE=@OLD_TIME_ZONE */;

/*!40101 SET SQL_MODE=@OLD_SQL_MODE */;
/*!40014 SET FOREIGN_KEY_CHECKS=@OLD_FOREIGN_KEY_CHECKS */;
/*!40014 SET UNIQUE_CHECKS=@OLD_UNIQUE_CHECKS */;
/*!40101 SET CHARACTER_SET_CLIENT=@OLD_CHARACTER_SET_CLIENT */;
/*!40101 SET CHARACTER_SET_RESULTS=@OLD_CHARACTER_SET_RESULTS */;
/*!40101 SET COLLATION_CONNECTION=@OLD_COLLATION_CONNECTION */;
/*!40111 SET SQL_NOTES=@OLD_SQL_NOTES */;

-- Dump completed on 2023-05-11 11:48:28
